Biomarker ID	Biomarker Name	UniProt ID
BM003549	Neutrophil gelatinase-associated lipocalin (LCN2)	P80188
BM001695	HLA class I histocompatibility antigen, B-8 alpha chain (HLA-B)	P30460
BM002691	Sodium/myo-inositol cotransporter (SLC5A3)	P53794
BM001941	Keratin, type II cytoskeletal 1 (KRT1)	P04264
BM001696	HLA class I histocompatibility antigen, Cw-6 alpha chain (HLA-C)	Q29963
BM000396	HLA class II histocompatibility antigen, DRB1-12 beta chain (HLA-DRB1)	Q95IE3
BM001689	HLA class II histocompatibility antigen, DRB1-12 beta chain (HLA-DRB1)	Q95IE3
BM001690	HLA class II histocompatibility antigen, DRB1-12 beta chain (HLA-DRB1)	Q95IE3
BM001691	HLA class II histocompatibility antigen, DRB1-12 beta chain (HLA-DRB1)	Q95IE3
BM001692	HLA class II histocompatibility antigen, DRB1-12 beta chain (HLA-DRB1)	Q95IE3
BM001693	HLA class I histocompatibility antigen, B-56 alpha chain (HLA-B)	P30495
BM002860	Globoside alpha-1,3-N-acetylgalactosaminyltransferase 1 (GBGT1)	Q8N5D6
BM002862	Globoside alpha-1,3-N-acetylgalactosaminyltransferase 1 (GBGT1)	Q8N5D6
BM002868	Globoside alpha-1,3-N-acetylgalactosaminyltransferase 1 (GBGT1)	Q8N5D6
BM002870	Globoside alpha-1,3-N-acetylgalactosaminyltransferase 1 (GBGT1)	Q8N5D6
BM001759	Interleukin-1 family member 10 (IL1F10)	Q8WWZ1
BM002681	Lymphocyte adaptor protein LNK	Q9UQQ2
BM002551	Poly(A) binding protein	P11940
BM002551	Poly(A) binding protein	Q86U42
BM002551	Poly(A) binding protein	Q9H361
BM002551	Poly(A) binding protein	Q13310
BM002551	Poly(A) binding protein	Q96DU9
BM002713	P-selectin	P16109
BM000054	I-glutamyl transferase (GGT)	P19440
BM000054	I-glutamyl transferase (GGT)	P36268
BM000054	I-glutamyl transferase (GGT)	P36269
BM000400	Leptin	P41159
BM000755	Alpha-fetoprotein	P02771
BM000779	Angiopoietin-2 (ANGPT2)	O15123
BM000558	L-selectin	P14151
BM002707	L-selectin	P14151
BM002025	Lysozyme	P61626
BM002473	Pepsin	P0DJD8
BM002473	Pepsin	P0DJD7
BM002473	Pepsin	P0DJD9
BM002938	Vascular endothelial growth factor (VEGF)	P15692
BM002938	Vascular endothelial growth factor (VEGF)	P49765
BM002938	Vascular endothelial growth factor (VEGF)	P49767
BM002938	Vascular endothelial growth factor (VEGF)	O43915
BM001258	Troponin I, cardiac muscle	P19429
BM001259	Troponin T, cardiac muscle isoforms	P45379
BM000915	Troponin I, cardiac muscle	P19429
BM000916	Troponin T, cardiac muscle isoforms	P45379
BM002485	Granzyme B	P10144
BM003193	Desmoplakin	P15924
BM003186	E3 ubiquitin-protein ligase MIB1	Q86YT6
BM003191	Involucrin	P07476
BM003185	Mucin-4	Q99102
BM003568	SET-binding protein	Q9Y6X0
BM003572	Toxic shock syndrome toxin-1	P06886
BM000747	Afamin (AFM)	P43652
BM002273	Neutrophil gelatinase-associated lipocalin	P80188
BM002274	Neutrophil gelatinase-associated lipocalin	P80188
BM003394	Angiotensin-converting enzyme	P12821
BM003415	Antileukoproteinase	P03973
BM003368	Apoptosis-mediating surface antigen FAS	P25445
BM003347	Bile salt sulfotransferase	Q06520
BM003334	Cystatin-C	P01034
BM003429	Eomesodermin homolog	O95936
BM003433	Forkhead box protein P3	Q9BZS1
BM003345	Galectin-3-binding protein	Q08380
BM003388	Glial fibrillary acidic protein	P14136
BM003389	HLA class I histocompatibility antigen, alpha chain E	P13747
BM003371	Integrin alpha-L	P20701
BM003342	Killer cell lectin-like receptor subfamily B member 1	Q12918
BM003361	Macrosialin	P34810
BM003425	Metalloproteinase inhibitor 1	P01033
BM003372	Protachykinin-1	P20366
BM003373	Tumor necrosis factor receptor superfamily member 1B	P20333
BM003198	A disintegrin and metalloproteinase with thrombospondin motifs 13	Q76LX8
BM003215	Alanine aminotransferase	P24298
BM003220	Aspartate aminotransferase	P17174
BM003252	ATP-dependent RNA helicase DDX58	O95786
BM003233	Fatty acid-binding protein, intestinal	P12104
BM003217	Integrin alpha-L	P20701
BM003225	Interferon gamma receptor 1	P15260
BM003254	Toll-like receptor 3	O15455
BM003257	Zinc finger protein GLI2	P10070
BM003604	Glial fibrillary acidic protein	P14136
BM003194	Galactosylgalactosylxylosylprotein 3-beta-glucuronosyltransferase 1	Q9P2W7
BM003448	HLA class II histocompatibility antigen	P13762
BM003447	Perforin-1	P14222
BM003434	Syncytin-1	Q9UQF0
BM003263	Forkhead box protein P3	Q9BZS1
BM003270	Transforming growth factor beta-2 proprotein	P61812
BM003308	Forkhead box protein P3	Q9BZS1
BM003310	Killer cell lectin-like receptor subfamily B member 1	Q12918
BM003544	Dehydrogenase/reductase SDR family member 9	Q9BPW9
BM003564	Ectonucleoside triphosphate diphosphohydrolase 3	O75355
BM003545	Glutaminyl-peptide cyclotransferase	Q16769
BM003560	Glycogen phosphorylase	P06737
BM003553	Grancalcin	P28676
BM003551	Long-chain-fatty-acid--CoA ligase 1	P33121
BM003548	Max dimerization protein 1	Q05195
BM003546	Serine/threonine-protein phosphatase 2A 56 kDa regulatory subunit delta	Q14738
BM003611	Zona pellucida sperm-binding protein 3	P21754
BM003494	Granulysin	P22749
BM003503	T-cell surface glycoprotein CD8 alpha chain	P01732
BM003180	Heat shock 70 kDa protein	P05456
BM003167	Kinetoplastid membrane protein 11	Q9U6Z1
BM003169	Major paraflagellar rod protein	Q01530
BM003184	Metalloproteinase inhibitor 1	P01033
BM003176	Metalloproteinase inhibitor 2	P16035
BM003170	Shed-acute-phase-antigen	Q00773
BM003166	Syndecan-4	P31431
BM003168	Tc24 protein	Q1L1I2
BM003459	Forkhead box protein P3	Q9BZS1
BM003579	Activated RNA polymerase II transcriptional coactivator p15	P53999
BM003509	Major sperm protein 2	P13263
BM003508	OV-16 antigen	P31729
BM003520	T-cell surface glycoprotein CD8 alpha chain	P01732
BM003521	Endothelial protein C receptor	Q9UNN8
BM003051	BCR/ABL	P11274
BM003051	BCR/ABL	P00519
BM003031	PML-RAR	P29590
BM003031	PML-RAR	P10276
BM000209	Carcinoembryonic antigen (CD66e)	P06731
BM000210	Carcinoembryonic antigen (CD66e)	P06731
BM000031	Alpha-fetoprotein	P02771
BM001865	sTNF-R1	P19438
BM001865	sTNF-R1	P20333
BM001930	Leptin	P41159
BM003044	EML4/ALK	Q9HC35
BM003044	EML4/ALK	Q9UM73
BM000019	sIL-2R	P01589
BM000019	sIL-2R	P14784
BM000019	sIL-2R	P31785
BM003037	BRCA1/BRCA2	Q9NXR7
BM003037	BRCA1/BRCA2	P51587
BM003038	BRCA1/BRCA2	Q9NXR7
BM003038	BRCA1/BRCA2	P51587
BM000197	Alpha-fetoprotein	P02771
BM000193	Alpha-fetoprotein	P02771
BM000041	Alkaline phosphatase (ALK)	P05187
BM000041	Alkaline phosphatase (ALK)	P10696
BM000041	Alkaline phosphatase (ALK)	P09923
BM000041	Alkaline phosphatase (ALK)	P05186
BM000042	Alkaline phosphatase (ALK)	P05187
BM000042	Alkaline phosphatase (ALK)	P10696
BM000042	Alkaline phosphatase (ALK)	P09923
BM000042	Alkaline phosphatase (ALK)	P05186
BM001506	Ferritin	P02792
BM001506	Ferritin	P02794
BM001506	Ferritin	Q8N4E7
BM001739	IFNI	P01563
BM001739	IFNI	P01562
BM001739	IFNI	P32881
BM001739	IFNI	P01571
BM001739	IFNI	P05014
BM001739	IFNI	P01568
BM001739	IFNI	P01567
BM001739	IFNI	P01566
BM001739	IFNI	P01569
BM001739	IFNI	P01570
BM001739	IFNI	P05013
BM001739	IFNI	P05015
BM002753	Surfactant protein D	P35247
BM002719	Vascular endothelial growth factor (VEGF)	P15692
BM002719	Vascular endothelial growth factor (VEGF)	P49765
BM002719	Vascular endothelial growth factor (VEGF)	P49767
BM002719	Vascular endothelial growth factor (VEGF)	O43915
BM001719	HSP-70	P08107
BM001033	CD81 (CD81)	P60033
BM001030	Complement receptor type 1	P17927
BM001032	Early activation antigen CD69	Q07108
BM001428	Eosinophil peroxidase	P11678
BM002022	L-selectin	P14151
BM002023	P-selectin glycoprotein ligand 1	Q14242
BM000742	Afamin (AFM)	P43652
BM000743	Afamin (AFM)	P43652
BM000750	Afamin (AFM)	P43652
BM000751	Afamin (AFM)	P43652
BM002693	Antileukoproteinase (SLPI)	P03973
BM001005	CXCL10 TNFR1	P02778
BM001005	CXCL10 TNFR1	P19438
BM002637	Human pro-islet peptide	Q06141
BM002638	REG3I	Q06141
BM002638	REG3I	Q6UW15
BM000744	Afamin (AFM)	P43652
BM000746	Afamin (AFM)	P43652
BM002633	Human pro-islet peptide	Q06141
BM002634	Human pro-islet peptide	Q06141
BM002635	Human pro-islet peptide	Q06141
BM002636	Human pro-islet peptide	Q06141
BM001632	Heparin cofactor II-thrombin complex	P05546
BM001632	Heparin cofactor II-thrombin complex	P00734
BM001633	Heparin cofactor II-thrombin complex	P05546
BM001633	Heparin cofactor II-thrombin complex	P00734
BM002080	Matrix metalloproteinase (MMP)	P50281
BM002080	Matrix metalloproteinase (MMP)	P45452
BM002080	Matrix metalloproteinase (MMP)	O75900
BM002080	Matrix metalloproteinase (MMP)	P51511
BM002080	Matrix metalloproteinase (MMP)	Q99542
BM002080	Matrix metalloproteinase (MMP)	P51512
BM002080	Matrix metalloproteinase (MMP)	P03956
BM002080	Matrix metalloproteinase (MMP)	Q8N119
BM002080	Matrix metalloproteinase (MMP)	Q9NRE1
BM002080	Matrix metalloproteinase (MMP)	O60882
BM002080	Matrix metalloproteinase (MMP)	Q9H239
BM002080	Matrix metalloproteinase (MMP)	Q9ULZ9
BM002080	Matrix metalloproteinase (MMP)	P08254
BM002080	Matrix metalloproteinase (MMP)	P22894
BM002080	Matrix metalloproteinase (MMP)	P39900
BM002080	Matrix metalloproteinase (MMP)	P08253
BM002080	Matrix metalloproteinase (MMP)	P14780
BM002080	Matrix metalloproteinase (MMP)	Q9H306
BM002080	Matrix metalloproteinase (MMP)	P09238
BM002080	Matrix metalloproteinase (MMP)	P24347
BM002080	Matrix metalloproteinase (MMP)	Q9NPA2
BM002080	Matrix metalloproteinase (MMP)	P09237
BM002080	Matrix metalloproteinase (MMP)	Q9Y5R2
BM002981	Synaptic vesicle amine transporter	Q05940
BM002982	Synaptic vesicle amine transporter	Q05940
BM002983	Synaptic vesicle amine transporter	Q05940
BM002984	Synaptic vesicle amine transporter	Q05940
BM000228	6-[18F]-fluoro-l-3,4-dihydroxyphenylalanine (18F-dopa)	CID56494
BM000230	6-[18F]-fluoro-l-3,4-dihydroxyphenylalanine (18F-dopa)	CID56494
BM000232	6-[18F]-fluoro-l-3,4-dihydroxyphenylalanine (18F-dopa)	CID56494
BM000490	Transglutaminase	P21980
BM000490	Transglutaminase	P22735
BM000490	Transglutaminase	O43548
BM000490	Transglutaminase	P49221
BM000490	Transglutaminase	Q08188
BM000490	Transglutaminase	O95932
BM000490	Transglutaminase	Q96PF1
BM001753	Afamin (AFM)	P43652
BM000752	Afamin (AFM)	P43652
BM001163	Complement C3	P01024
BM001164	Complement factors C4	P0C0L4
BM001164	Complement factors C4	P0C0L5
BM001585	Glutathione peroxidase	P07203
BM001585	Glutathione peroxidase	P22352
BM001585	Glutathione peroxidase	P36969
BM001585	Glutathione peroxidase	P18283
BM001585	Glutathione peroxidase	O75715
BM001585	Glutathione peroxidase	Q96SL4
BM001585	Glutathione peroxidase	Q8TED1
BM001585	Glutathione peroxidase	P59796
BM002515	Pigment epithelium-derived factor	P36955
BM002937	Vascular endothelial growth factor (VEGF)	P15692
BM002937	Vascular endothelial growth factor (VEGF)	P49765
BM002937	Vascular endothelial growth factor (VEGF)	P49767
BM002937	Vascular endothelial growth factor (VEGF)	O43915
BM000709	Nicotinic acetylcholine receptor subunit alpha-1	P02708
BM000710	Nicotinic acetylcholine receptor subunit alpha-1	P02708
BM001694	Tumor necrosis factor receptor superfamily member 25 (TNFRSF25)	Q93038
BM002296	Bone morphogenetic proteins (BMP)	P12645
BM002296	Bone morphogenetic proteins (BMP)	O95972
BM000699	Alpha-1-antitrypsin	P01009
BM002213	Mucin 16	Q8WXI7
BM002543	1-phosphatidylinositol 4,5-bisphosphate phosphodiesterase epsilon-1 (PLCE1)	Q9P212
BM000824	Apolipoprotein B receptor (APOBR)	Q0VD83
BM000381	Guanine nucleotide-binding protein G(s) subunit alpha isoforms XLas	Q5JWF2
BM002313	Natriuretic peptide receptor	P17342
BM000782	Recombinant human angiotensin converting enzyme 2	Q9BYF1
BM000372	TMEM133	Q9H2Q1
BM000829	Apolipoprotein B receptor (APOBR)	Q0VD83
BM001604	Growth differentiation factor 15 (GDF-15)	Q99988
BM001720	HsTnI	P19429
BM001720	HsTnI	P19237
BM001720	HsTnI	P48788
BM001721	hsTnT	P45379
BM001721	hsTnT	P19429
BM001520	Fibrinogen	P02679
BM001520	Fibrinogen	P02671
BM001520	Fibrinogen	P02675
BM002856	Globoside alpha-1,3-N-acetylgalactosaminyltransferase 1 (GBGT1)	Q8N5D6
BM002858	Globoside alpha-1,3-N-acetylgalactosaminyltransferase 1 (GBGT1)	Q8N5D6
BM002864	Globoside alpha-1,3-N-acetylgalactosaminyltransferase 1 (GBGT1)	Q8N5D6
BM002866	Globoside alpha-1,3-N-acetylgalactosaminyltransferase 1 (GBGT1)	Q8N5D6
BM001757	Interleukin-1 family member 10 (IL1F10)	Q8WWZ1
BM002680	Lymphocyte adaptor protein LNK	Q9UQQ2
BM002549	Poly(A) binding protein	P11940
BM002549	Poly(A) binding protein	Q86U42
BM002549	Poly(A) binding protein	Q9H361
BM002549	Poly(A) binding protein	Q13310
BM002549	Poly(A) binding protein	Q96DU9
BM002603	P-selectin	P16109
BM002712	P-selectin	P16109
BM001605	growth differentiation factor 15 (GRF-15)	Q99988
BM002602	P-selectin	P16109
BM001282	17 alpha-hydroxylase-C17, 20-lyase	P05093
BM000718	A disintegrin and metalloproteinase with thrombospondin motifs 7 (ADAMTS7)	Q9UKP4
BM000787	Ankyrin repeat and SAM domain-containing protein 1A (ANKS1A)	Q92625
BM001051	CDKN2A-CDKN2B-ANRIL	Q8N726
BM001051	CDKN2A-CDKN2B-ANRIL	P42772
BM002917	Gastric inhibitory polypeptide	P09681
BM002679	Lymphocyte adaptor protein LNK	Q9UQQ2
BM002622	Phosphatidylethanolamine N-methyltransferase	Q9UBM1
BM002462	Proprotein convertase subtilisin/kexin type 9	Q8NBP7
BM002112	Transport and Golgi organization protein 1 homolog (MIA3)	Q5JRA6
BM002916	ATP synthase F(0) complex subunit C1	P05496
BM001996	Leptin	P41159
BM001680	Troponin I, cardiac muscle	P19429
BM002734	Interleukin-1 receptor-like 1 (IL1RL1)	Q01638
BM002736	Interleukin-1 receptor-like 1 (IL1RL1)	Q01638
BM002192	Myeloperoxidase	P05164
BM000975	Troponin I, cardiac muscle	P19429
BM000978	Troponin T, cardiac muscle isoforms	P45379
BM002735	Interleukin-1 receptor-like 1 (IL1RL1)	Q01638
BM000560	Interleukin-1 receptor-like 1 (IL1RL1)	Q01638
BM000561	Interleukin-1 receptor-like 1 (IL1RL1)	Q01638
BM000562	Interleukin-1 receptor-like 1 (IL1RL1)	Q01638
BM001681	Troponin I, cardiac muscle	P19429
BM001682	Troponin I, cardiac muscle	P19429
BM001121	Apolipoproteins	P08519
BM000825	Apolipoprotein A (ApoA)	P06727
BM000825	Apolipoprotein A (ApoA)	P02647
BM000825	Apolipoprotein A (ApoA)	P02652
BM000825	Apolipoprotein A (ApoA)	Q6Q788
BM000826	Apolipoprotein B receptor (APOBR)	Q0VD83
BM000827	Apolipoprotein B receptor (APOBR)	Q0VD83
BM001518	Fibrinogen	P02679
BM001518	Fibrinogen	P02671
BM001518	Fibrinogen	P02675
BM001519	Fibrinogen	P02679
BM001519	Fibrinogen	P02671
BM001519	Fibrinogen	P02675
BM000976	Troponin I, cardiac muscle	P19429
BM000977	Troponin T, cardiac muscle isoforms	P45379
BM001207	Apolipoproteins	P02652
BM001207	Apolipoproteins	P06727
BM001207	Apolipoproteins	P02647
BM001207	Apolipoproteins	Q6Q788
BM001207	Apolipoproteins	P02656
BM001207	Apolipoproteins	P02655
BM001207	Apolipoproteins	P04114
BM001209	Fibrinogen	P02679
BM001209	Fibrinogen	P02671
BM001209	Fibrinogen	P02675
BM002230	Myeloperoxidase	P05164
BM000661	Arachidonate 15-lipoxygenase B (ALOX15B)	O15296
BM002226	Myeloperoxidase	P05164
BM002227	Myeloperoxidase	P05164
BM002585	Prostacyclin synthase	Q16647
BM002787	Coagulation factor IIa	P00734
BM002788	Coagulation factor IIa	P00734
BM002604	P-selectin	P16109
BM002605	P-selectin	P16109
BM002606	P-selectin	P16109
BM000995	Surfactant protein D	P35247
BM000722	A-defensins	Q01524
BM000722	A-defensins	P12838
BM000722	A-defensins	P59665
BM000722	A-defensins	P59666
BM000722	A-defensins	P60022
BM000547	Advanced glycosylation end product-specific receptor	Q15109
BM002714	Advanced glycosylation end product-specific receptor	Q15109
BM001521	Fibrinogen	P02679
BM001521	Fibrinogen	P02671
BM001521	Fibrinogen	P02675
BM000748	Afamin (AFM)	P43652
BM002488	Periostin	Q15063
BM002489	Periostin	Q15063
BM002729	Surfactant protein D	P35247
BM002730	Surfactant protein D	P35247
BM001527	Fibroblast growth factor	O95750
BM001527	Fibroblast growth factor	Q92913
BM001527	Fibroblast growth factor	Q9NP95
BM001527	Fibroblast growth factor	Q9NSA1
BM001527	Fibroblast growth factor	Q9GZV9
BM001527	Fibroblast growth factor	P05230
BM001527	Fibroblast growth factor	P09038
BM001527	Fibroblast growth factor	Q92915
BM001527	Fibroblast growth factor	O15520
BM001527	Fibroblast growth factor	O60258
BM001527	Fibroblast growth factor	Q9HCT0
BM001527	Fibroblast growth factor	O43320
BM001527	Fibroblast growth factor	P61328
BM001527	Fibroblast growth factor	O76093
BM001527	Fibroblast growth factor	Q92914
BM001527	Fibroblast growth factor	P55075
BM001527	Fibroblast growth factor	P31371
BM001527	Fibroblast growth factor	P12034
BM001527	Fibroblast growth factor	P21781
BM001527	Fibroblast growth factor	P11487
BM001527	Fibroblast growth factor	P10767
BM001527	Fibroblast growth factor	P08620
BM001698	HLA class II antigen DQ-2 alpha	P01909
BM001797	Interleukin-18 receptor 1 (IL18R1)	Q13478
BM002913	Type IV collagen 7S	P53420
BM002913	Type IV collagen 7S	P29400
BM002913	Type IV collagen 7S	P02462
BM002913	Type IV collagen 7S	P08572
BM002913	Type IV collagen 7S	Q14031
BM002913	Type IV collagen 7S	Q01955
BM002026	Alpha-1-antitrypsin	P01009
BM002036	Alpha-1-antitrypsin	P01009
BM002028	elastase	P08246
BM002028	elastase	P08861
BM002028	elastase	P08217
BM002028	elastase	P09093
BM002028	elastase	Q9UNI1
BM002028	elastase	P08218
BM002028	elastase	P39900
BM002038	elastase	P08246
BM002038	elastase	P08861
BM002038	elastase	P08217
BM002038	elastase	P09093
BM002038	elastase	Q9UNI1
BM002038	elastase	P08218
BM002038	elastase	P39900
BM002033	Lysozyme	P61626
BM002043	Lysozyme	P61626
BM001404	Cathelicidin antimicrobial peptide	P49913
BM001526	Coagulation factor IIa	P00734
BM001524	Fibrinogen	P02679
BM001524	Fibrinogen	P02671
BM001524	Fibrinogen	P02675
BM001403	human I defensin	Q9H1M3
BM001403	human I defensin	Q9H1M4
BM001403	human I defensin	P60022
BM001403	human I defensin	Q8N687
BM001403	human I defensin	Q4QY38
BM001403	human I defensin	Q8N690
BM001403	human I defensin	Q30KQ9
BM001403	human I defensin	Q8N104
BM001403	human I defensin	O15263
BM001403	human I defensin	Q8IZN7
BM001403	human I defensin	Q30KQ6
BM001403	human I defensin	Q8NG35
BM001403	human I defensin	Q30KQ8
BM001403	human I defensin	Q30KQ7
BM001403	human I defensin	A8MXU0
BM001403	human I defensin	P59861
BM001403	human I defensin	Q96PH6
BM001403	human I defensin	Q8NES8
BM001403	human I defensin	Q30KQ2
BM001403	human I defensin	Q30KQ5
BM001403	human I defensin	Q30KQ4
BM001403	human I defensin	Q5J5C9
BM001403	human I defensin	Q8N688
BM001403	human I defensin	Q7Z7B8
BM001403	human I defensin	Q7Z7B7
BM001403	human I defensin	Q30KQ1
BM001403	human I defensin	Q30KP9
BM001403	human I defensin	Q30KP8
BM001403	human I defensin	A6NDD2
BM001403	human I defensin	P81534
BM001403	human I defensin	Q8NET1
BM001403	human I defensin	Q30KR1
BM001403	human I defensin	Q9BYW3
BM001403	human I defensin	Q8WTQ1
BM001992	LCE3B/3C	Q5TA77
BM001992	LCE3B/3C	Q5T5A8
BM000467	Leptin	P41159
BM001248	P-selectin	P16109
BM001405	S100 family member	P04271
BM001405	S100 family member	P23297
BM001405	S100 family member	P25815
BM001405	S100 family member	P31151
BM001405	S100 family member	Q96FQ6
BM001405	S100 family member	Q99584
BM001405	S100 family member	Q86SG5
BM001405	S100 family member	P31949
BM001405	S100 family member	P29034
BM001405	S100 family member	P33764
BM001405	S100 family member	P33763
BM001405	S100 family member	Q9HCY8
BM001405	S100 family member	Q8WXG8
BM001405	S100 family member	P80511
BM001405	S100 family member	P06703
BM001405	S100 family member	P05109
BM001405	S100 family member	P26447
BM001405	S100 family member	A6NMZ2
BM001405	S100 family member	P06702
BM001405	S100 family member	P60903
BM001405	S100 family member	P29377
BM001405	S100 family member	Q5SY68
BM001242	Zonulin	P00738
BM000715	Disintegrin and metalloproteinase domain-containing protein 12 (ADAM12)	O43184
BM000716	Disintegrin and metalloproteinase domain-containing protein 12 (ADAM12)	O43184
BM002064	Matrix metalloproteinase (MMP)	P50281
BM002064	Matrix metalloproteinase (MMP)	P45452
BM002064	Matrix metalloproteinase (MMP)	O75900
BM002064	Matrix metalloproteinase (MMP)	P51511
BM002064	Matrix metalloproteinase (MMP)	Q99542
BM002064	Matrix metalloproteinase (MMP)	P51512
BM002064	Matrix metalloproteinase (MMP)	P03956
BM002064	Matrix metalloproteinase (MMP)	Q8N119
BM002064	Matrix metalloproteinase (MMP)	Q9NRE1
BM002064	Matrix metalloproteinase (MMP)	O60882
BM002064	Matrix metalloproteinase (MMP)	Q9H239
BM002064	Matrix metalloproteinase (MMP)	Q9ULZ9
BM002064	Matrix metalloproteinase (MMP)	P08254
BM002064	Matrix metalloproteinase (MMP)	P22894
BM002064	Matrix metalloproteinase (MMP)	P39900
BM002064	Matrix metalloproteinase (MMP)	P08253
BM002064	Matrix metalloproteinase (MMP)	P14780
BM002064	Matrix metalloproteinase (MMP)	Q9H306
BM002064	Matrix metalloproteinase (MMP)	P09238
BM002064	Matrix metalloproteinase (MMP)	P24347
BM002064	Matrix metalloproteinase (MMP)	Q9NPA2
BM002064	Matrix metalloproteinase (MMP)	P09237
BM002064	Matrix metalloproteinase (MMP)	Q9Y5R2
BM002065	Matrix metalloproteinase (MMP)	P50281
BM002065	Matrix metalloproteinase (MMP)	P45452
BM002065	Matrix metalloproteinase (MMP)	O75900
BM002065	Matrix metalloproteinase (MMP)	P51511
BM002065	Matrix metalloproteinase (MMP)	Q99542
BM002065	Matrix metalloproteinase (MMP)	P51512
BM002065	Matrix metalloproteinase (MMP)	P03956
BM002065	Matrix metalloproteinase (MMP)	Q8N119
BM002065	Matrix metalloproteinase (MMP)	Q9NRE1
BM002065	Matrix metalloproteinase (MMP)	O60882
BM002065	Matrix metalloproteinase (MMP)	Q9H239
BM002065	Matrix metalloproteinase (MMP)	Q9ULZ9
BM002065	Matrix metalloproteinase (MMP)	P08254
BM002065	Matrix metalloproteinase (MMP)	P22894
BM002065	Matrix metalloproteinase (MMP)	P39900
BM002065	Matrix metalloproteinase (MMP)	P08253
BM002065	Matrix metalloproteinase (MMP)	P14780
BM002065	Matrix metalloproteinase (MMP)	Q9H306
BM002065	Matrix metalloproteinase (MMP)	P09238
BM002065	Matrix metalloproteinase (MMP)	P24347
BM002065	Matrix metalloproteinase (MMP)	Q9NPA2
BM002065	Matrix metalloproteinase (MMP)	P09237
BM002065	Matrix metalloproteinase (MMP)	Q9Y5R2
BM002066	Matrix metalloproteinase (MMP)	P50281
BM002066	Matrix metalloproteinase (MMP)	P45452
BM002066	Matrix metalloproteinase (MMP)	O75900
BM002066	Matrix metalloproteinase (MMP)	P51511
BM002066	Matrix metalloproteinase (MMP)	Q99542
BM002066	Matrix metalloproteinase (MMP)	P51512
BM002066	Matrix metalloproteinase (MMP)	P03956
BM002066	Matrix metalloproteinase (MMP)	Q8N119
BM002066	Matrix metalloproteinase (MMP)	Q9NRE1
BM002066	Matrix metalloproteinase (MMP)	O60882
BM002066	Matrix metalloproteinase (MMP)	Q9H239
BM002066	Matrix metalloproteinase (MMP)	Q9ULZ9
BM002066	Matrix metalloproteinase (MMP)	P08254
BM002066	Matrix metalloproteinase (MMP)	P22894
BM002066	Matrix metalloproteinase (MMP)	P39900
BM002066	Matrix metalloproteinase (MMP)	P08253
BM002066	Matrix metalloproteinase (MMP)	P14780
BM002066	Matrix metalloproteinase (MMP)	Q9H306
BM002066	Matrix metalloproteinase (MMP)	P09238
BM002066	Matrix metalloproteinase (MMP)	P24347
BM002066	Matrix metalloproteinase (MMP)	Q9NPA2
BM002066	Matrix metalloproteinase (MMP)	P09237
BM002066	Matrix metalloproteinase (MMP)	Q9Y5R2
BM000714	Low molecular weight phosphotyrosine protein phosphatase (ACP1)	P24666
BM002239	Alpha-N-acetylglucosaminidase	P54802
BM001510	Fetuin	P02765
BM002245	N-ASETIL-I-GLUOSAMINIDASE (NAG)	CID439454
BM002260	Netrin-1	O95631
BM002261	Netrin-1	O95631
BM002276	Neutrophil gelatinase-associated lipocalin	P80188
BM002651	Plasma retinol-binding protein	P02753
BM002705	Sodium/hydrogen exchanger 3	P48764
BM001260	Troponin T, cardiac muscle isoforms	P45379
BM000648	25-OH vitamin D	CID5283731
BM000650	25-OH vitamin D	CID5283731
BM001528	fibroblast growth factor (FGF-23)	Q9GZV9
BM000745	Afamin (AFM)	P43652
BM002013	Fatty acid-binding protein, liver	P07148
BM002277	Neutrophil gelatinase-associated lipocalin	P80188
BM002820	TNFR11	O00300
BM002820	TNFR11	Q9Y6Q6
BM002940	Angiopoietin-2 (ANGPT2)	O15123
BM003027	Neutrophil gelatinase-associated lipocalin	P80188
BM002942	Vascular endothelial growth factor (VEGF)	P15692
BM002942	Vascular endothelial growth factor (VEGF)	P49765
BM002942	Vascular endothelial growth factor (VEGF)	P49767
BM002942	Vascular endothelial growth factor (VEGF)	O43915
BM002455	1-acylglycerol-3-phosphate O-acyltransferase PNPLA3 (PNPLA3)	Q9NST1
BM002454	1-acylglycerol-3-phosphate O-acyltransferase PNPLA3 (PNPLA3)	Q9NST1
BM000647	25-hydroxyvitamin D-1 alpha hydroxylase (CYP27B1)	O15528
BM000649	25-hydroxyvitamin D-1 alpha hydroxylase (CYP27B1)	O15528
BM001323	5-HT 2A receptor (HTR2A)	P28223
BM000713	Achaete-scute homolog 1 (ASCL1)	P50553
BM000712	Achaete-scute homolog 1 (ASCL1)	P50553
BM001326	Actin cytoplasmic 1 (ACTB)	P60709
BM003362	Activation B7-1 antigen (CD80)	P33681
BM003209	Activation B7-1 antigen (CD80)	P33681
BM003440	Activation B7-1 antigen (CD80)	P33681
BM003278	Activation B7-1 antigen (CD80)	P33681
BM000280	Activation B7-1 antigen (CD80)	P33681
BM000281	Activation B7-1 antigen (CD80)	P33681
BM000859	Adapter protein X11beta (APBA2)	Q99767
BM000860	Adapter protein X11beta (APBA2)	Q99767
BM000852	Adapter protein X11beta (APBA2)	Q99767
BM000858	Adapter protein X11beta (APBA2)	Q99767
BM000861	Adapter protein X11beta (APBA2)	Q99767
BM000726	Adenosine A2a receptor (ADORA2A)	P29274
BM003599	Adenosine deaminase (ADA)	P00813
BM003426	Adenosine deaminase (ADA)	P00813
BM000729	Adiponectin (ADIPOQ)	Q15848
BM000728	Adiponectin (ADIPOQ)	Q15848
BM000733	Adrenergic beta-2 receptor (ADRB2)	P07550
BM002231	Adrenergic beta-2 receptor (ADRB2)	P07550
BM000893	Adrenergic beta-3 receptor (ADRB3)	P13945
BM003510	Adrenomedullin (ADM)	P35318
BM003432	Agouti-related protein (AGRP)	O00253
BM003033	ALK tyrosine kinase receptor (ALK)	Q9UM73
BM003561	Alkaline phosphatase tissue-nonspecific (ALPL)	P05186
BM003304	Alpha-1-antitrypsin (SERPINA1)	P01009
BM002594	Alpha-2-antiplasmin (SERPINF2)	P08697
BM001142	Alpha-2-macroglobulin (A2M)	P01023
BM002027	Alpha-2-macroglobulin (A2M)	P01023
BM002037	Alpha-2-macroglobulin (A2M)	P01023
BM000719	Alpha-adducin (ADD1)	P35611
BM002667	Alpha-amylase 1 (AMY1)	P04745
BM003261	Alpha-fetoprotein (AFP)	P02771
BM003417	Alpha-fetoprotein (AFP)	P02771
BM003299	Alpha-fetoprotein (AFP)	P02771
BM003332	Alpha-fetoprotein (AFP)	P02771
BM003200	Angiopoietin-1 (ANGPT1)	Q15389
BM003467	Angiopoietin-1 (ANGPT1)	Q15389
BM000224	Angiopoietin-1 receptor (TEK)	Q15389
BM002939	Angiopoietin-1 receptor (TEK)	Q15389
BM003255	Angiopoietin-2 (ANGPT2)	O15123
BM003400	Annexin A5 (ANXA5)	P08758
BM003183	Apolipoprotein A-I (APOA1)	P02647
BM000828	Apolipoprotein A-I (APOA1)	P02647
BM003017	Apolipoprotein A-V (APOA5)	Q6Q788
BM000831	Apolipoprotein C-I (APOC1)	P02654
BM000830	Apolipoprotein C-I (APOC1)	P02654
BM000833	Apolipoprotein E (APOE)	P02649
BM000185	Apolipoprotein E (APOE)	P02649
BM000184	Apolipoprotein E (APOE)	P02649
BM000832	Apolipoprotein E (APOE)	P02649
BM003565	Apoptosis mediating surface antigen FAS (FAS)	P25445
BM003369	Apoptosis mediating surface antigen FAS (FAS)	P25445
BM003283	Apoptosis mediating surface antigen FAS (FAS)	P25445
BM003319	Apoptosis mediating surface antigen FAS (FAS)	P25445
BM002090	Apoptosis mediating surface antigen FAS (FAS)	P25445
BM000239	Apoptosis regulator BAK (BAK)	Q16611
BM000240	Apoptosis regulator BAK (BAK)	Q07812
BM003566	Apoptosis regulator Bcl-2 (BCL-2)	P10415
BM003398	Apoptosis regulator Bcl-2 (BCL-2)	P10415
BM001826	Arachidonate 15-lipoxygenase (15-LOX)	P16050
BM003557	Arachidonate 5-lipoxygenase (5-LOX)	P09917
BM003554	Arachidonate 5-lipoxygenase activating protein (FLAP)	P20292
BM000314	Arginine vasopressin (AVP)	P01185
BM001176	Arginine vasopressin (AVP)	P01185
BM001175	Arginine vasopressin (AVP)	P01185
BM000229	Aromatic-L-amino-acid decarboxylase (DDC)	P20711
BM000231	Aromatic-L-amino-acid decarboxylase (DDC)	P20711
BM000233	Aromatic-L-amino-acid decarboxylase (DDC)	P20711
BM000398	Asymmetric dimethylarginine (ADMA)	CID501
BM002557	Asymmetric dimethylarginine (ADMA)	CID501
BM000841	Asymmetric dimethylarginine (ADMA)	CID501
BM000839	Asymmetric dimethylarginine (ADMA)	CID501
BM000840	Asymmetric dimethylarginine (ADMA)	CID123831
BM003547	ATM serine/threonine kinase (ATM)	Q13315
BM000707	ATP-binding cassette sub-family G member 2 (ABCG2)	Q9UNQ0
BM000991	Atypical chemokine receptor 2 (ACKR2)	O00590
BM001320	Atypical chemokine receptor 2 (ACKR2)	O00590
BM003265	B7 homolog 3 (CD276)	Q5ZPR3
BM000877	B-cell CLL/lymphoma 7 protein family member B (BCL7B)	Q9BQE9
BM000876	B-cell CLL/lymphoma 7 protein family member B (BCL7B)	Q9BQE9
BM000241	B-cell lymphoma/leukemia 10 (BCL10)	O95999
BM000892	Beta-2-microglobulin (B2M)	P61769
BM003349	Beta-2-microglobulin (B2M)	P61769
BM003204	Beta-2-microglobulin (B2M)	P61769
BM000021	Beta-2-microglobulin (B2M)	P61769
BM000614	Beta-2-microglobulin (B2M)	P61769
BM003029	Beta-2-microglobulin (B2M)	P61769
BM000720	Beta-adducin (ADD2)	P35612
BM003383	Beta-galactosidase (GLB1)	P16278
BM002258	Beta-nerve growth factor (NGF)	P01138
BM002259	Beta-nerve growth factor (NGF)	P01138
BM002257	Beta-nerve growth factor (NGF)	P01138
BM002287	Beta-nerve growth factor (NGF)	P01138
BM002288	Beta-nerve growth factor (NGF)	P01138
BM003224	B-lymphocyte surface antigen B4 (CD19)	P15391
BM001429	Bone marrow proteoglycan (PRG2)	P13727
BM003343	Bone marrow stromal antigen 2 (BST2)	Q10589
BM003344	Bone marrow stromal antigen 2 (BST2)	Q10589
BM003202	Bone marrow stromal antigen 2 (BST2)	Q10589
BM000903	Bone morphogenetic protein 2 (BMP2)	P12643
BM000931	Brain-derived neurotrophic factor (BDNF)	P23560
BM000926	Brain-derived neurotrophic factor (BDNF)	P23560
BM000930	Brain-derived neurotrophic factor (BDNF)	P23560
BM003511	B-type natriuretic peptide (BNP)	P16860
BM001072	Cadherin EGF LAG seven-pass G-type receptor 2 (CELSR2)	Q9HCU4
BM000959	Calcitonin gene-related petide (CGRP)	P06881
BM000959	Calcitonin gene-related petide (CGRP)	P10092
BM000957	Calcitonin gene-related petide (CGRP)	P06881
BM000957	Calcitonin gene-related petide (CGRP)	P10092
BM000958	Calcitonin gene-related petide (CGRP)	P06881
BM000958	Calcitonin gene-related petide (CGRP)	P10092
BM002224	Calgranulin A (S100A8)	P05109
BM000263	Calgranulin A (S100A8)	P05109
BM000265	Calgranulin A (S100A8)	P05109
BM000267	Calgranulin A (S100A8)	P05109
BM000269	Calgranulin A (S100A8)	P05109
BM003406	Calgranulin B (S100A9)	P06702
BM002223	Calgranulin B (S100A9)	P06702
BM002660	Calgranulin D (S100A12)	P80511
BM002661	Calgranulin D (S100A12)	P80511
BM002662	Calgranulin D (S100A12)	P80511
BM003187	Carbonic anhydrase IX (CA-IX)	Q16790
BM003197	Carboxypeptidase B2 (CPB2)	Q96IY4
BM003501	Carcinoembryonic antigen CEA (CD66e)	P06731
BM003556	Carcinoembryonic antigen-related cell adhesion molecule 1	P13688
BM000974	Cardiac muscle cell troponin (cTn)	P45379
BM000974	Cardiac muscle cell troponin (cTn)	P19429
BM003174	Cardiac troponin I (TNNI3)	P19429
BM003526	Cardiac troponin I (TNNI3)	P19429
BM001095	Cartilage intermediate layer protein 1 (CILP)	O75339
BM000985	Cartilage oligomeric matrix protein (COMP)	P49747
BM000986	Cartilage oligomeric matrix protein (COMP)	P49747
BM003272	Caspase-6 (CASP6)	P55212
BM003268	Caspase-8 (CASP8)	Q14790
BM003414	Catalase (CAT)	P04040
BM002173	Catalase (CAT)	P04040
BM001253	Caterpiller protein 1.1 (NLRP3)	Q96P20
BM001252	Caterpiller protein 1.1 (NLRP3)	Q96P20
BM003559	Cathepsin G (CTSG)	P08311
BM000987	Cathepsin K (CTSK)	P43235
BM000988	Cathepsin S (CTSS)	P25774
BM003279	C-C chemokine receptor type 1 (CCR1)	P32246
BM003315	C-C chemokine receptor type 1 (CCR1)	P32246
BM003461	C-C chemokine receptor type 1 (CCR1)	P32246
BM003580	C-C chemokine receptor type 1 (CCR1)	P32246
BM001011	C-C chemokine receptor type 1 (CCR1)	P32246
BM001012	C-C chemokine receptor type 2 (CCR2)	P41597
BM003276	C-C chemokine receptor type 3 (CCR3)	P51677
BM001013	C-C chemokine receptor type 3 (CCR3)	P51677
BM003275	C-C chemokine receptor type 4 (CCR4)	P51679
BM003588	C-C chemokine receptor type 5 (CCR5)	P51681
BM003353	C-C chemokine receptor type 5 (CCR5)	P51681
BM003600	C-C chemokine receptor type 5 (CCR5)	P51681
BM003437	C-C chemokine receptor type 5 (CCR5)	P51681
BM003274	C-C chemokine receptor type 5 (CCR5)	P51681
BM003312	C-C chemokine receptor type 5 (CCR5)	P51681
BM003171	C-C chemokine receptor type 5 (CCR5)	P51681
BM001015	C-C chemokine receptor type 5 (CCR5)	P51681
BM001014	C-C chemokine receptor type 5 (CCR5)	P51681
BM001016	C-C chemokine receptor type 5 (CCR5)	P51681
BM001000	C-C chemokine receptor type 7 (CCR7)	P32248
BM003273	C-C chemokine receptor type 8 (CCR8)	P51685
BM003612	C-C motif chemokine 17 (CCL17)	Q92583
BM000301	C-C motif chemokine 17 (CCL17)	Q92583
BM002093	C-C motif chemokine 17 (CCL17)	Q92583
BM000990	C-C motif chemokine 18 (CCL18)	P55774
BM002452	C-C motif chemokine 18 (CCL18)	P55774
BM002453	C-C motif chemokine 18 (CCL18)	P55774
BM000996	C-C motif chemokine 18 (CCL18)	P55774
BM000997	C-C motif chemokine 18 (CCL18)	P55774
BM000998	C-C motif chemokine 18 (CCL18)	P55774
BM002092	C-C motif chemokine 18 (CCL18)	P55774
BM000999	C-C motif chemokine 19 (CCL19)	Q99731
BM003618	C-C motif chemokine 2 (CCL2)	P13500
BM002183	C-C motif chemokine 24 (CCL24)	O00175
BM001436	C-C motif chemokine 24 (CCL24)	O00175
BM002184	C-C motif chemokine 26 (CCL26)	Q9Y258
BM001437	C-C motif chemokine 26 (CCL26)	Q9Y258
BM001438	C-C motif chemokine 26 (CCL26)	Q9Y258
BM001003	C-C motif chemokine 4 (CCL4)	P13236
BM001901	C-C motif chemokine 7 (CCL7)	P80098
BM001900	C-C motif chemokine 8 (CCL8)	P80075
BM001007	C-C motif chemokine 8 (CCL8)	P80075
BM001009	C-C motif chemokine 8 (CCL8)	P80075
BM001010	C-C motif chemokine 8 (CCL8)	P80075
BM001008	C-C motif chemokine 8 (CCL8)	P80075
BM003188	CD40L receptor (CD40)	P25942
BM003443	CD40L receptor (CD40)	P25942
BM003282	CD40L receptor (CD40)	P25942
BM003318	CD40L receptor (CD40)	P25942
BM001043	CD40L receptor (CD40)	P25942
BM003297	Cellular tumor antigen p53 (TP53)	P04637
BM002428	Cellular tumor antigen p53 (TP53)	P04637
BM001079	Ceruloplasmin (CP)	P00450
BM002124	Charged multivesicular body protein 2b (CHMP2B)	Q9UQN3
BM003014	Chitinase-3-like protein 1 (CHI3L1)	P36222
BM003015	Chitinase-3-like protein 1 (CHI3L1)	P36222
BM003011	Chitinase-3-like protein 1 (CHI3L1)	P36222
BM003012	Chitinase-3-like protein 1 (CHI3L1)	P36222
BM000983	Chitinase-3-like protein 1 (CHI3L1)	P36222
BM000984	Chitinase-3-like protein 1 (CHI3L1)	P36222
BM001140	Clusterin-associated protein 1 (CLUAP1)	Q96AJ1
BM001136	Clusterin-associated protein 1 (CLUAP1)	Q96AJ1
BM000367	Coagulation factor VIIIa (F8)	P00451
BM000368	Coagulation factor VIIIa (F8)	P00451
BM001338	Coagulation factor VIIIa (F8)	P00451
BM002670	Coagulation factor XIIIA (F13A1)	P00488
BM001157	Collagen alpha-1(IV) chain	P02462
BM001160	Collagen alpha-1(V) chain	P20908
BM001159	Collagen alpha-1(V) chain	P20908
BM001158	Collagen alpha-2(IV) chain	P08572
BM002032	Complement C1s component (C1S)	P09871
BM002042	Complement C1s component (C1S)	P09871
BM001138	Complement component C7 (C7)	P10643
BM001139	Complement component C9 (C9)	P02748
BM003403	Complement decay-accelerating factor (CD55)	P08174
BM003326	Complement decay-accelerating factor (CD55)	P08174
BM003476	Complement decay-accelerating factor (CD55)	P08174
BM003427	Complement factor B (CFB)	P00751
BM003378	Complement receptor type 1 (CR1)	P17927
BM003321	Complement receptor type 1 (CR1)	P17927
BM003469	Complement receptor type 1 (CR1)	P17927
BM003374	Complement receptor type 2 (CD21)	P20023
BM001170	Connective tissue growth factor (CTGF)	P29279
BM002425	Connexin-30 (Cx30)	O95452
BM003514	C-reactive protein (CRP)	P02741
BM003575	C-reactive protein (CRP)	P02741
BM003419	C-reactive protein (CRP)	P02741
BM003454	C-reactive protein (CRP)	P02741
BM003301	C-reactive protein (CRP)	P02741
BM003483	C-reactive protein (CRP)	P02741
BM003538	C-reactive protein (CRP)	P02741
BM001221	C-reactive protein (CRP)	P02741
BM001805	C-reactive protein (CRP)	P02741
BM001234	C-reactive protein (CRP)	P02741
BM000319	C-reactive protein (CRP)	P02741
BM001220	C-reactive protein (CRP)	P02741
BM001223	C-reactive protein (CRP)	P02741
BM001678	C-reactive protein (CRP)	P02741
BM001195	C-reactive protein (CRP)	P02741
BM001237	C-reactive protein (CRP)	P02741
BM001685	C-reactive protein (CRP)	P02741
BM001201	C-reactive protein (CRP)	P02741
BM001198	C-reactive protein (CRP)	P02741
BM001199	C-reactive protein (CRP)	P02741
BM001686	C-reactive protein (CRP)	P02741
BM001203	C-reactive protein (CRP)	P02741
BM001204	C-reactive protein (CRP)	P02741
BM001194	C-reactive protein (CRP)	P02741
BM001224	C-reactive protein (CRP)	P02741
BM001716	C-reactive protein (CRP)	P02741
BM001239	C-reactive protein (CRP)	P02741
BM001200	C-reactive protein (CRP)	P02741
BM001677	C-reactive protein (CRP)	P02741
BM001208	C-reactive protein (CRP)	P02741
BM001196	C-reactive protein (CRP)	P02741
BM001197	C-reactive protein (CRP)	P02741
BM001202	C-reactive protein (CRP)	P02741
BM000325	C-reactive protein (CRP)	P02741
BM001687	C-reactive protein (CRP)	P02741
BM001231	C-reactive protein (CRP)	P02741
BM001226	C-reactive protein (CRP)	P02741
BM001227	C-reactive protein (CRP)	P02741
BM001228	C-reactive protein (CRP)	P02741
BM001229	C-reactive protein (CRP)	P02741
BM001230	C-reactive protein (CRP)	P02741
BM001225	C-reactive protein (CRP)	P02741
BM001241	C-reactive protein (CRP)	P02741
BM001709	C-reactive protein (CRP)	P02741
BM001222	C-reactive protein (CRP)	P02741
BM001232	C-reactive protein (CRP)	P02741
BM001233	C-reactive protein (CRP)	P02741
BM003356	C-X3-C chemokine receptor 1 (CX3CR1)	P49238
BM001933	C-X-C chemokine receptor type 3 (CXCR3)	P49682
BM003355	C-X-C chemokine receptor type 3 (CXCR3)	P49682
BM003313	C-X-C chemokine receptor type 3 (CXCR3)	P49682
BM003586	C-X-C chemokine receptor type 4 (CXCR4)	P61073
BM003350	C-X-C chemokine receptor type 4 (CXCR4)	P61073
BM003205	C-X-C chemokine receptor type 4 (CXCR4)	P61073
BM003311	C-X-C chemokine receptor type 4 (CXCR4)	P61073
BM003363	C-X-C chemokine receptor type 5 (CXCR5)	P32302
BM003211	C-X-C chemokine receptor type 5 (CXCR5)	P32302
BM001606	C-X-C motif chemokine 1 (CXCL1)	P09341
BM001607	C-X-C motif chemokine 1 (CXCL1)	P09341
BM003615	C-X-C motif chemokine 10 (CXCL10)	P02778
BM001934	C-X-C motif chemokine 10 (CXCL10)	P02778
BM003416	C-X-C motif chemokine 10 (CXCL10)	P02778
BM003298	C-X-C motif chemokine 10 (CXCL10)	P02778
BM003331	C-X-C motif chemokine 10 (CXCL10)	P02778
BM003154	C-X-C motif chemokine 10 (CXCL10)	P02778
BM003464	C-X-C motif chemokine 10 (CXCL10)	P02778
BM001263	C-X-C motif chemokine 10 (CXCL10)	P02778
BM001266	C-X-C motif chemokine 10 (CXCL10)	P02778
BM001267	C-X-C motif chemokine 10 (CXCL10)	P02778
BM000448	C-X-C motif chemokine 10 (CXCL10)	P02778
BM003616	C-X-C motif chemokine 11 (CXCL11)	O14625
BM003567	C-X-C motif chemokine 13 (CXCL13)	O43927
BM003431	C-X-C motif chemokine 13 (CXCL13)	O43927
BM003613	C-X-C motif chemokine 5 (CXCL5)	P42830
BM003614	C-X-C motif chemokine 9 (CXCL9)	Q07325
BM003366	Cyclic ADP-ribose hydrolase 1 (CD38)	P28907
BM003213	Cyclic ADP-ribose hydrolase 1 (CD38)	P28907
BM003462	Cyclic ADP-ribose hydrolase 1 (CD38)	P28907
BM001296	Cystatin-C (CST3)	P01034
BM001297	Cystatin-C (CST3)	P01034
BM001290	Cystatin-C (CST3)	P01034
BM001298	Cystatin-C (CST3)	P01034
BM001300	Cystatin-C (CST3)	P01034
BM001289	Cystatin-C (CST3)	P01034
BM001304	Cystatin-C (CST3)	P01034
BM001305	Cystatin-C (CST3)	P01034
BM001293	Cystatin-C (CST3)	P01034
BM001291	Cystatin-C (CST3)	P01034
BM000989	Cystatin-C (CST3)	P01034
BM001288	Cystatin-C (CST3)	P01034
BM001287	Cystatin-C (CST3)	P01034
BM001292	Cystatin-C (CST3)	P01034
BM001294	Cystatin-C (CST3)	P01034
BM001295	Cystatin-C (CST3)	P01034
BM001303	Cystatin-SN (CST1)	P01037
BM001306	Cystatin-SN (CST1)	P01037
BM001307	Cysteine-rich angiogenic inducer 61 (CYR61)	O00622
BM003552	Cytidine deaminase (CDA)	P32320
BM000048	Cytochrome P450 2C19 (CYP2C19)	P33261
BM000049	Cytochrome P450 2C19 (CYP2C19)	P33261
BM000001	Cytochrome P450 2C19 (CYP2C19)	P33261
BM000052	Cytokine receptor-like factor 3 (CRLF3)	Q8IUI8
BM001283	Cytosolic purine 5'-nucleotidase (NT5C2)	P49902
BM003382	Cytotoxic T-lymphocyte protein 4 (CTLA-4)	P16410
BM003222	Cytotoxic T-lymphocyte protein 4 (CTLA-4)	P16410
BM003445	Cytotoxic T-lymphocyte protein 4 (CTLA-4)	P16410
BM003473	Cytotoxic T-lymphocyte protein 4 (CTLA-4)	P16410
BM001257	Cytotoxic T-lymphocyte protein 4 (CTLA-4)	P16410
BM002623	Dexamethasone-induced Ras-related protein 1 (RASD1)	Q9Y272
BM001351	Dickkopf-related protein 1 (DKK1)	O94907
BM003489	Dihydrofolate reductase (DHFR)	P00374
BM001341	Dihydrofolate reductase (DHFR)	P00374
BM003367	Dipeptidyl peptidase 4 (DPP-4)	P27487
BM003316	Dipeptidyl peptidase 4 (DPP-4)	P27487
BM001346	Dipeptidyl peptidase 4 (DPP-4)	P27487
BM001345	Dipeptidyl peptidase 4 (DPP-4)	P27487
BM000047	DNA excision repair protein ERCC-1 (ERCC1)	P07992
BM000038	DNA topoisomerase 1 (TOP1)	P11387
BM001324	Dopamine D2 receptor (DRD2)	P14416
BM001325	Dopamine D3 receptor (DRD3)	P35462
BM001359	Dopamine transporter (SLC6A3)	Q01959
BM001360	Dopamine transporter (SLC6A3)	Q01959
BM001361	Dopamine transporter (SLC6A3)	Q01959
BM003563	Dysferlin (DYSF)	O75923
BM003203	Early activation antigen CD69 (CD69)	Q07108
BM003435	Early activation antigen CD69 (CD69)	Q07108
BM003460	Early activation antigen CD69 (CD69)	Q07108
BM003216	Ecto-5'-nucleotidase (CD73)	P21589
BM001397	Elafin (PI3)	P19957
BM001400	Elafin (PI3)	P19957
BM001401	Elafin (PI3)	P19957
BM001398	Elafin (PI3)	P19957
BM001399	Elafin (PI3)	P19957
BM001402	Elafin (PI3)	P19957
BM003470	Endoglin CD105 (ENG)	P17813
BM000351	Endostatin (COL18A1)	P39060
BM003239	Endothelial plasminogen activator inhibitor (SERPINE1)	P05121
BM003536	Endothelial plasminogen activator inhibitor (SERPINE1)	P05121
BM000780	Endothelin-1 (EDN1)	P05305
BM001420	Endothelin-1 (EDN1)	P05305
BM002716	Endothelin-1 (EDN1)	P05305
BM001419	Endothelin-1 (EDN1)	P05305
BM001418	Endothelin-1 (EDN1)	P05305
BM001421	Endothelin-1 (EDN1)	P05305
BM000380	Endothelin-3 (EDN3)	P14138
BM001425	Eosinophil cationic protein (RNASE3)	P12724
BM001426	Eosinophil cationic protein (RNASE3)	P12724
BM003049	Epidermal growth factor receptor (EGFR)	P00533
BM000192	Epidermal growth factor receptor (EGFR)	P00533
BM003052	Epidermal growth factor receptor (EGFR)	P00533
BM000023	Erbb2 tyrosine kinase receptor (HER2)	P04626
BM000015	Erbb2 tyrosine kinase receptor (HER2)	P04626
BM000013	Erbb2 tyrosine kinase receptor (HER2)	P04626
BM000004	Erbb2 tyrosine kinase receptor (HER2)	P04626
BM003053	Erbb2 tyrosine kinase receptor (HER2)	P04626
BM003043	Erbb2 tyrosine kinase receptor (HER2)	P04626
BM000189	Erbb2 tyrosine kinase receptor (HER2)	P04626
BM000027	Erbb2 tyrosine kinase receptor (HER2)	P04626
BM001463	Erythropoietin (EPO)	P01588
BM000557	E-selectin (SELE)	P16581
BM003381	E-selectin (SELE)	P16581
BM003221	E-selectin (SELE)	P16581
BM003602	E-selectin (SELE)	P16581
BM003285	E-selectin (SELE)	P16581
BM003496	E-selectin (SELE)	P16581
BM003472	E-selectin (SELE)	P16581
BM002717	E-selectin (SELE)	P16581
BM001465	E-selectin (SELE)	P16581
BM001464	E-selectin (SELE)	P16581
BM000203	Estrogen receptor (ER)	P03372
BM000203	Estrogen receptor (ER)	Q92731
BM000025	Estrogen receptor (ER)	P03372
BM000025	Estrogen receptor (ER)	Q92731
BM003041	Estrogen receptor (ER)	P03372
BM003046	Estrogen receptor (ER)	P03372
BM000198	Estrogen receptor (ER)	P03372
BM001097	Estrogen receptor (ER)	P03372
BM001466	Estrogen receptor (ER)	P03372
BM003386	Extracellular matrix receptor III (CD44)	P16070
BM003223	Extracellular matrix receptor III (CD44)	P16070
BM003323	Extracellular matrix receptor III (CD44)	P16070
BM001623	Fatty acid-binding protein, heart (FABP3)	P05413
BM001624	Fatty acid-binding protein, heart (FABP3)	P05413
BM001625	Fatty acid-binding protein, heart (FABP3)	P05413
BM001626	Fatty acid-binding protein, heart (FABP3)	P05413
BM003330	Ferritin (FTH1)	P02794
BM001516	Fibrin monomer (FM)	P02671
BM001516	Fibrin monomer (FM)	P05160
BM001516	Fibrin monomer (FM)	P02679
BM001517	Fibrin monomer (FM)	P02671
BM001517	Fibrin monomer (FM)	P05160
BM001517	Fibrin monomer (FM)	P02679
BM003244	Fibrinogen alpha chain (FGA)	P02671
BM002671	Fibrinogen beta chain (FGB)	P02675
BM000781	Fibroblast growth factor-2 (FGF2)	P09038
BM001530	Fibronectin (FN1)	P02751
BM003182	Fibronectin (FN1)	P02751
BM003537	Fibronectin (FN1)	P02751
BM000887	Ficolin-2 (FCN2)	Q15485
BM001538	FK506-binding protein 5 (FKBP5)	Q13451
BM000012	Fms-like tyrosine kinase 3 (FLT-3)	P36888
BM002941	Focal adhesion kinase 2 (PTK2B)	Q14289
BM001543	Follistatin-related protein 1 (FSTL1)	Q12841
BM001544	Forkhead box protein P3 (FOXP3)	Q9BZS1
BM003189	G1/S-specific cyclin-D1 (CCND1)	P24385
BM003175	Galectin-3 (LGALS3)	P17931
BM001558	Galectin-3 (LGALS3)	P17931
BM000721	Gamma-adducin (ADD3)	Q9UEY8
BM002424	Gap junction beta-2 protein (Cx26)	P29033
BM003294	Gelsolin (GSN)	P06396
BM002588	Glia-derived nexin (SERPINE2)	P07093
BM002589	Glia-derived nexin (SERPINE2)	P07093
BM002590	Glia-derived nexin (SERPINE2)	P07093
BM002317	Glucocorticoid receptor (NR3C1)	P04150
BM001571	Glucocorticoid receptor (NR3C1)	P04150
BM001576	Glucokinase regulatory protein (GCKR)	Q14397
BM001577	Glucokinase regulatory protein (GCKR)	Q14397
BM001578	Glucokinase regulatory protein (GCKR)	Q14397
BM001573	Glucokinase regulatory protein (GCKR)	Q14397
BM001574	Glucokinase regulatory protein (GCKR)	Q14397
BM001575	Glucokinase regulatory protein (GCKR)	Q14397
BM001582	Glutamate decarboxylase (GLUL)	P15104
BM003346	Glutamyl aminopeptidase (ENPEP)	Q07075
BM003333	Glutathione-dependent PGD synthase (HPGDS)	O60760
BM002126	Granulin (GRN)	P28799
BM002578	Granulin (GRN)	P28799
BM003533	Granulocyte colony-stimulating factor (GCSF)	P09919
BM000382	Granulocyte colony-stimulating factor receptor (GCSFR)	Q99062
BM001598	Granulocyte colony-stimulating factor receptor (GCSFR)	Q99062
BM003583	Granulocyte-macrophage colony-stimulating factor (CSF2)	P04141
BM001599	Granzyme A (GZMA)	P12544
BM003450	Granzyme B (GZMB)	P10144
BM003250	GTPase KRas (KRAS)	P01116
BM000003	GTPase KRas (KRAS)	P01116
BM003050	GTPase KRas (KRAS)	P01116
BM000937	Guanine nucleotide exchange C9orf72 (C9orf72)	Q96LT7
BM003562	Haptoglobin (HP)	P00738
BM003488	Haptoglobin (HP)	P00738
BM001630	Hemopexin (HPX)	P02790
BM001631	Hemopexin (HPX)	P02790
BM000385	Hemopexin (HPX)	P02790
BM003335	Heparanase (HPSE)	Q9Y251
BM001958	Hepatitis A virus cellular receptor 1 (HAVCR1)	Q96D42
BM001959	Hepatitis A virus cellular receptor 1 (HAVCR1)	Q96D42
BM003025	Hepatitis A virus cellular receptor 1 (HAVCR1)	Q96D42
BM002796	Hepatitis A virus cellular receptor 2 (HAV TIM3)	Q8TDQ0
BM003317	Hepatitis C virus NS3 helicase (HCV NS3)	P26664(1027-1657)
BM001946	Hepatocyte growth factor (HGF)	P14210
BM003226	Hepatocyte growth factor (HGF)	P14210
BM001662	Hepatocyte growth factor (HGF)	P14210
BM001667	Hepatocyte growth factor (HGF)	P14210
BM001668	Hepatocyte growth factor (HGF)	P14210
BM001663	Hepatocyte growth factor (HGF)	P14210
BM001664	Hepatocyte growth factor (HGF)	P14210
BM001665	Hepatocyte growth factor (HGF)	P14210
BM001666	Hepatocyte growth factor (HGF)	P14210
BM001635	Hepatocyte nuclear factor 1-alpha (HNF1A)	P20823
BM001634	Hepatocyte nuclear factor 1-alpha (HNF1A)	P20823
BM001704	Hepatocyte nuclear factor 1-alpha (HNF1A)	P20823
BM001638	Hepatocyte nuclear factor 4-alpha (HNF4A)	P41235
BM001637	Hepatocyte nuclear factor 4-alpha (HNF4A)	P41235
BM001628	Hereditary hemochromatosis protein (HFE)	Q30201
BM001670	HHIP-like protein 1 (HHIPL1)	Q96JK4
BM003235	High mobility group protein B1 (HMGB1)	P09429
BM000546	High mobility group protein B1 (HMGB1)	P09429
BM001676	High sensitive troponin (hsTN)	P19429
BM001676	High sensitive troponin (hsTN)	P45379
BM001676	High sensitive troponin (hsTN)	P02585
BM001676	High sensitive troponin (hsTN)	P19237
BM001676	High sensitive troponin (hsTN)	P13805
BM001676	High sensitive troponin (hsTN)	P48788
BM001676	High sensitive troponin (hsTN)	P63316
BM001676	High sensitive troponin (hsTN)	P45378
BM001683	High-sensitivity cardiac troponin T (hs-cTnT)	P45379
BM001683	High-sensitivity cardiac troponin T (hs-cTnT)	P19429
BM001684	High-sensitivity cardiac troponin T (hs-cTnT)	P45379
BM001684	High-sensitivity cardiac troponin T (hs-cTnT)	P19429
BM000708	Histo-blood group ABO system transferase (ABO)	P16442
BM003420	HLA class I antigen B-7 (HLA-B)	P01889
BM003513	HLA class I histocompatibility antigen, B-27 alpha chain (HLA-B)	P03989
BM001700	HLA-DR antigens-associated invariant (CD74)	P04233
BM003413	HLA-DR antigens-associated invariant (CD74)	P04233
BM000196	Human chorionic gonadotropin (hCG)	P01215
BM000196	Human chorionic gonadotropin (hCG)	P01233
BM000194	Human chorionic gonadotropin (hCG)	P01215
BM000194	Human chorionic gonadotropin (hCG)	P01233
BM001726	Huntingtin-interacting protein K (HYPK)	Q9NX55
BM001858	IL-6 receptor(IL6R)	P08887
BM001858	IL-6 receptor(IL6R)	P40189
BM001859	IL-6 receptor(IL6R)	P08887
BM001859	IL-6 receptor(IL6R)	P40189
BM001860	IL-6 receptor(IL6R)	P08887
BM001860	IL-6 receptor(IL6R)	P40189
BM001861	IL-6 receptor(IL6R)	P08887
BM001861	IL-6 receptor(IL6R)	P40189
BM001854	IL-6 receptor(IL6R)	P08887
BM001854	IL-6 receptor(IL6R)	P40189
BM001855	IL-6 receptor(IL6R)	P08887
BM001855	IL-6 receptor(IL6R)	P40189
BM001856	IL-6 receptor(IL6R)	P08887
BM001856	IL-6 receptor(IL6R)	P40189
BM001857	IL-6 receptor(IL6R)	P08887
BM001857	IL-6 receptor(IL6R)	P40189
BM003232	Immunoglobulin gamma Fc receptor I (FCGR1)	P12314
BM003475	Immunoglobulin gamma Fc receptor I (FCGR1)	P12314
BM003531	Immunoglobulin gamma Fc receptor I (FCGR1)	P12314
BM001746	Immunoglobulin heavy constant alpha 1 (IGHA1)	P01876
BM001735	Inducible T-cell costimulator (ICOS)	Q9Y6W8
BM000035	Inhibin alpha chain (INHA)	P05111
BM002683	Inhibitor of nuclear factor kappa-B kinase beta (IKKB)	O14920
BM002347	Inhibitor of nuclear factor kappa-B kinase epsilon (IKBKE)	Q14164
BM000030	Insulin-like growth factor-binding protein 3 (IGFBP3)	P17936
BM003359	Integrin alpha-E (ITGAE)	P38570
BM001029	Integrin alpha-M (ITGAM)	P11215
BM003411	Integrin beta-2 (ITGB2)	P05107
BM003241	Integrin beta-3 (ITGB3)	P05106
BM002369	Intelectin-1 (ITLN1)	Q8WWA0
BM003192	Intercellular adhesion molecule ICAM-1 (ICAM1)	P05362
BM003512	Intercellular adhesion molecule ICAM-1 (ICAM1)	P05362
BM003408	Intercellular adhesion molecule ICAM-1 (ICAM1)	P05362
BM003237	Intercellular adhesion molecule ICAM-1 (ICAM1)	P05362
BM003606	Intercellular adhesion molecule ICAM-1 (ICAM1)	P05362
BM003451	Intercellular adhesion molecule ICAM-1 (ICAM1)	P05362
BM003295	Intercellular adhesion molecule ICAM-1 (ICAM1)	P05362
BM003327	Intercellular adhesion molecule ICAM-1 (ICAM1)	P05362
BM003478	Intercellular adhesion molecule ICAM-1 (ICAM1)	P05362
BM003181	Intercellular adhesion molecule ICAM-1 (ICAM1)	P05362
BM003581	Intercellular adhesion molecule ICAM-1 (ICAM1)	P05362
BM003534	Intercellular adhesion molecule ICAM-1 (ICAM1)	P05362
BM001914	Intercellular adhesion molecule-1 (ICAM-1)	P05362
BM001915	Intercellular adhesion molecule-1 (ICAM-1)	P05362
BM002708	Intercellular adhesion molecule-1 (ICAM-1)	P05362
BM001609	Intercellular adhesion molecule-1 (ICAM-1)	P05362
BM002682	Intercellular adhesion molecule-1 (ICAM-1)	P05362
BM001912	Intercellular adhesion molecule-1 (ICAM-1)	P05362
BM001913	Intercellular adhesion molecule-1 (ICAM-1)	P05362
BM001910	Intercellular adhesion molecule-1 (ICAM-1)	P05362
BM003597	Interferon-gamma (IFNG)	P01579
BM003423	Interferon-gamma (IFNG)	P01579
BM003248	Interferon-gamma (IFNG)	P01579
BM003456	Interferon-gamma (IFNG)	P01579
BM003505	Interferon-gamma (IFNG)	P01579
BM003161	Interferon-gamma (IFNG)	P01579
BM003486	Interferon-gamma (IFNG)	P01579
BM003155	Interferon-gamma (IFNG)	P01579
BM003162	Interferon-gamma (IFNG)	P01579
BM001740	Interferon-gamma (IFNG)	P01579
BM001741	Interferon-gamma (IFNG)	P01579
BM001742	Interferon-gamma (IFNG)	P01579
BM001763	Interferon-gamma (IFNG)	P01579
BM001810	Interferon-gamma (IFNG)	P01579
BM001738	Interferon-gamma (IFNG)	P01579
BM003264	Interferon-lambda 3 (IFNL3)	Q8IZI9
BM001866	Interleukin 1 receptor type 1 (IL-1R1)	P14778
BM002684	Interleukin 11 receptor alpha (IL-11RA)	Q14626
BM001743	Interleukin 12 receptor beta-2 (IL-12RB2)	Q99665
BM001766	Interleukin 12 receptor beta-2 (IL-12RB2)	Q99665
BM001767	Interleukin 12 receptor beta-2 (IL-12RB2)	Q99665
BM001768	Interleukin 12 receptor beta-2 (IL-12RB2)	Q99665
BM001769	Interleukin 12 receptor beta-2 (IL-12RB2)	Q99665
BM001832	Interleukin 12 receptor beta-2 (IL-12RB2)	Q99665
BM000579	Interleukin 12 receptor beta-2 (IL-12RB2)	Q99665
BM001244	Interleukin 12 receptor beta-2 (IL-12RB2)	Q99665
BM001798	Interleukin 18 receptor (IL-18RAP)	O95256
BM003422	Interleukin 2 receptor alpha (IL2RA)	P01589
BM003246	Interleukin 2 receptor alpha (IL2RA)	P01589
BM003485	Interleukin 2 receptor alpha (IL2RA)	P01589
BM000423	Interleukin 2 receptor alpha (IL-2RA)	P01589
BM001816	Interleukin 2 receptor alpha (IL-2RA)	P01589
BM001817	Interleukin 2 receptor alpha (IL-2RA)	P01589
BM001818	Interleukin 2 receptor alpha (IL-2RA)	P01589
BM001819	Interleukin 2 receptor alpha (IL-2RA)	P01589
BM001820	Interleukin 2 receptor alpha (IL-2RA)	P01589
BM001821	Interleukin 2 receptor alpha (IL-2RA)	P01589
BM002761	Interleukin 2 receptor alpha (IL-2RA)	P01589
BM002763	Interleukin 2 receptor alpha (IL-2RA)	P01589
BM001822	Interleukin 2 receptor alpha (IL-2RA)	P01589
BM001823	Interleukin 2 receptor alpha (IL-2RA)	P01589
BM001824	Interleukin 2 receptor alpha (IL-2RA)	P01589
BM000421	Interleukin 23 receptor (IL-23R)	Q5VWK5
BM001991	Interleukin 23 receptor (IL-23R)	Q5VWK5
BM003214	Interleukin 3 receptor alpha (IL3RA)	P26951
BM003379	Interleukin 7 receptor alpha (IL7R)	P16871
BM003322	Interleukin 7 receptor alpha (IL7R)	P16871
BM001758	Interleukin-1 alpha (IL1A)	P01583
BM003156	Interleukin-1 alpha (IL1A)	P01583
BM001833	Interleukin-1 alpha (IL1A)	P01583
BM001756	Interleukin-1 alpha (IL1A)	P01583
BM000419	Interleukin-1 beta (IL1B)	P01584
BM001801	Interleukin-1 beta (IL1B)	P01584
BM003596	Interleukin-1 beta (IL1B)	P01584
BM003577	Interleukin-1 beta (IL1B)	P01584
BM003247	Interleukin-1 beta (IL1B)	P01584
BM003609	Interleukin-1 beta (IL1B)	P01584
BM003164	Interleukin-1 beta (IL1B)	P01584
BM001834	Interleukin-1 beta (IL1B)	P01584
BM001799	Interleukin-1 beta (IL1B)	P01584
BM001755	Interleukin-1 beta (IL1B)	P01584
BM000408	Interleukin-1 beta (IL1B)	P01584
BM001467	Interleukin-1 beta (IL1B)	P01584
BM003617	Interleukin-10 (IL10)	P22301
BM000412	Interleukin-10 (IL10)	P22301
BM000413	Interleukin-10 (IL10)	P22301
BM001762	Interleukin-10 (IL10)	P22301
BM003190	Interleukin-10 (IL10)	P22301
BM003590	Interleukin-10 (IL10)	P22301
BM003570	Interleukin-10 (IL10)	P22301
BM003370	Interleukin-10 (IL10)	P22301
BM003444	Interleukin-10 (IL10)	P22301
BM003495	Interleukin-10 (IL10)	P22301
BM003468	Interleukin-10 (IL10)	P22301
BM003152	Interleukin-10 (IL10)	P22301
BM003173	Interleukin-10 (IL10)	P22301
BM003463	Interleukin-10 (IL10)	P22301
BM003523	Interleukin-10 (IL10)	P22301
BM001863	Interleukin-10 (IL10)	P22301
BM001876	Interleukin-10 (IL10)	P22301
BM000415	Interleukin-10 (IL10)	P22301
BM001760	Interleukin-10 (IL10)	P22301
BM001777	Interleukin-10 (IL10)	P22301
BM001761	Interleukin-10 (IL10)	P22301
BM001764	Interleukin-10 (IL10)	P22301
BM002359	Interleukin-10 (IL10)	P22301
BM000414	Interleukin-10 (IL10)	P22301
BM000444	Interleukin-10 (IL10)	P22301
BM000409	Interleukin-10 (IL10)	P22301
BM001770	Interleukin-12 alpha (IL12A)	P29459
BM003208	Interleukin-13 (IL13)	P35225
BM003550	Interleukin-13 (IL13)	P35225
BM001877	Interleukin-13 (IL13)	P35225
BM001895	Interleukin-13 (IL13)	P35225
BM001829	Interleukin-13 (IL13)	P35225
BM001771	Interleukin-13 (IL13)	P35225
BM001772	Interleukin-13 (IL13)	P35225
BM000417	Interleukin-13 (IL13)	P35225
BM003358	Interleukin-15 (IL15)	P40933
BM003439	Interleukin-15 (IL15)	P40933
BM001773	Interleukin-15 (IL15)	P40933
BM001775	Interleukin-15 (IL15)	P40933
BM001778	Interleukin-15 (IL15)	P40933
BM001896	Interleukin-15 (IL15)	P40933
BM000446	Interleukin-15 (IL15)	P40933
BM001774	Interleukin-15 (IL15)	P40933
BM001800	Interleukin-16 (IL16)	Q14005
BM003341	Interleukin-16 (IL16)	Q14005
BM000418	Interleukin-17 (IL17)	Q16552
BM003338	Interleukin-17 (IL17)	Q16552
BM003199	Interleukin-17 (IL17)	Q16552
BM003266	Interleukin-17 (IL17)	Q16552
BM001878	Interleukin-17 (IL17)	Q16552
BM001783	Interleukin-17 (IL17)	Q16552
BM001811	Interleukin-17 (IL17)	Q16552
BM003201	Interleukin-18 (IL18)	Q14116
BM003309	Interleukin-18 (IL18)	Q14116
BM003491	Interleukin-18 (IL18)	Q14116
BM001744	Interleukin-18 (IL18)	Q14116
BM001786	Interleukin-18 (IL18)	Q14116
BM001793	Interleukin-18 (IL18)	Q14116
BM001794	Interleukin-18 (IL18)	Q14116
BM001795	Interleukin-18 (IL18)	Q14116
BM001796	Interleukin-18 (IL18)	Q14116
BM001787	Interleukin-18 (IL18)	Q14116
BM001785	Interleukin-18 (IL18)	Q14116
BM001790	Interleukin-18 (IL18)	Q14116
BM001791	Interleukin-18 (IL18)	Q14116
BM001788	Interleukin-18 (IL18)	Q14116
BM001789	Interleukin-18 (IL18)	Q14116
BM003587	Interleukin-2 (IL2)	P60568
BM003569	Interleukin-2 (IL2)	P60568
BM003259	Interleukin-2 (IL2)	P60568
BM003351	Interleukin-2 (IL2)	P60568
BM003436	Interleukin-2 (IL2)	P60568
BM003271	Interleukin-2 (IL2)	P60568
BM003157	Interleukin-2 (IL2)	P60568
BM001928	Interleukin-2 (IL2)	P60568
BM001812	Interleukin-2 (IL2)	P60568
BM001808	Interleukin-2 (IL2)	P60568
BM000580	Interleukin-2 (IL2)	P60568
BM003337	Interleukin-21 (IL21)	Q9HBE4
BM001809	Interleukin-21 (IL21)	Q9HBE4
BM003196	Interleukin-22 (IL22)	Q9GZX6
BM001879	Interleukin-22 (IL22)	Q9GZX6
BM001815	Interleukin-22 (IL22)	Q9GZX6
BM001813	Interleukin-23 (IL23)	Q9NPF7
BM000420	Interleukin-23 (IL23)	Q9NPF7
BM003571	Interleukin-3 (IL3)	P08700
BM003574	Interleukin-4 (IL4)	P05112
BM003410	Interleukin-4 (IL4)	P05112
BM003240	Interleukin-4 (IL4)	P05112
BM003453	Interleukin-4 (IL4)	P05112
BM003329	Interleukin-4 (IL4)	P05112
BM003502	Interleukin-4 (IL4)	P05112
BM003480	Interleukin-4 (IL4)	P05112
BM001880	Interleukin-4 (IL4)	P05112
BM001835	Interleukin-4 (IL4)	P05112
BM001830	Interleukin-4 (IL4)	P05112
BM000410	Interleukin-4 (IL4)	P05112
BM003594	Interleukin-5 (IL5)	P05113
BM003519	Interleukin-5 (IL5)	P05113
BM001836	Interleukin-5 (IL5)	P05113
BM001831	Interleukin-5 (IL5)	P05113
BM000424	Interleukin-5 (IL5)	P05113
BM000425	Interleukin-5 (IL5)	P05113
BM001839	Interleukin-5 (IL5)	P05113
BM000411	Interleukin-5 (IL5)	P05113
BM000426	Interleukin-6 (IL6)	P05231
BM001802	Interleukin-6 (IL6)	P05231
BM001849	Interleukin-6 (IL6)	P05231
BM003517	Interleukin-6 (IL6)	P05231
BM003593	Interleukin-6 (IL6)	P05231
BM003573	Interleukin-6 (IL6)	P05231
BM003409	Interleukin-6 (IL6)	P05231
BM003238	Interleukin-6 (IL6)	P05231
BM003607	Interleukin-6 (IL6)	P05231
BM003452	Interleukin-6 (IL6)	P05231
BM003296	Interleukin-6 (IL6)	P05231
BM003328	Interleukin-6 (IL6)	P05231
BM003159	Interleukin-6 (IL6)	P05231
BM003479	Interleukin-6 (IL6)	P05231
BM003153	Interleukin-6 (IL6)	P05231
BM003165	Interleukin-6 (IL6)	P05231
BM003582	Interleukin-6 (IL6)	P05231
BM003535	Interleukin-6 (IL6)	P05231
BM001874	Interleukin-6 (IL6)	P05231
BM001867	Interleukin-6 (IL6)	P05231
BM001864	Interleukin-6 (IL6)	P05231
BM001881	Interleukin-6 (IL6)	P05231
BM001841	Interleukin-6 (IL6)	P05231
BM001846	Interleukin-6 (IL6)	P05231
BM001141	Interleukin-6 (IL6)	P05231
BM001784	Interleukin-6 (IL6)	P05231
BM001837	Interleukin-6 (IL6)	P05231
BM001882	Interleukin-6 (IL6)	P05231
BM002361	Interleukin-6 (IL6)	P05231
BM001845	Interleukin-6 (IL6)	P05231
BM001918	Interleukin-6 (IL6)	P05231
BM001847	Interleukin-6 (IL6)	P05231
BM002176	Interleukin-6 (IL6)	P05231
BM001844	Interleukin-6 (IL6)	P05231
BM001843	Interleukin-6 (IL6)	P05231
BM001848	Interleukin-6 (IL6)	P05231
BM000581	Interleukin-6 (IL6)	P05231
BM001246	Interleukin-6 (IL6)	P05231
BM001853	Interleukin-6 (IL6)	P05231
BM001851	Interleukin-6 (IL6)	P05231
BM001852	Interleukin-6 (IL6)	P05231
BM001840	Interleukin-6 (IL6)	P05231
BM001842	Interleukin-6 (IL6)	P05231
BM003393	Interleukin-7 (IL7)	P13232
BM003231	Interleukin-7 (IL7)	P13232
BM003499	Interleukin-7 (IL7)	P13232
BM000428	Interleukin-8 (IL8)	P10145
BM001898	Interleukin-8 (IL8)	P10145
BM003516	Interleukin-8 (IL8)	P10145
BM003592	Interleukin-8 (IL8)	P10145
BM003234	Interleukin-8 (IL8)	P10145
BM003605	Interleukin-8 (IL8)	P10145
BM003291	Interleukin-8 (IL8)	P10145
BM003325	Interleukin-8 (IL8)	P10145
BM003500	Interleukin-8 (IL8)	P10145
BM003158	Interleukin-8 (IL8)	P10145
BM003532	Interleukin-8 (IL8)	P10145
BM000429	Interleukin-8 (IL8)	P10145
BM001884	Interleukin-8 (IL8)	P10145
BM001885	Interleukin-8 (IL8)	P10145
BM001886	Interleukin-8 (IL8)	P10145
BM001887	Interleukin-8 (IL8)	P10145
BM001889	Interleukin-8 (IL8)	P10145
BM000046	Interleukin-8 (IL8)	P10145
BM001897	Interleukin-8 (IL8)	P10145
BM001888	Interleukin-8 (IL8)	P10145
BM000447	Interleukin-8 (IL8)	P10145
BM001890	Interleukin-8 (IL8)	P10145
BM000582	Interleukin-8 (IL8)	P10145
BM001247	Interleukin-8 (IL8)	P10145
BM002085	Interleukin-8 (IL8)	P10145
BM001945	Keratin 6 (K6)	P04259
BM001945	Keratin 6 (K6)	P48668
BM001945	Keratin 6 (K6)	P02538
BM001942	Keratin type I cytoskeletal 10 (KRT10)	P13645
BM001944	Keratin type I cytoskeletal 16 (KRT16)	P08779
BM001114	Keratin type I cytoskeletal 18 (KRT18)	P05783
BM001115	Keratin type I cytoskeletal 18 (KRT18)	P05783
BM001977	Keratin type I cytoskeletal 18 (KRT18)	P05783
BM001978	Keratin type I cytoskeletal 18 (KRT18)	P05783
BM001112	Keratin type I cytoskeletal 18 (KRT18)	P05783
BM002920	Keratin type I cytoskeletal 18 (KRT18)	P05783
BM001111	Keratin type I cytoskeletal 18 (KRT18)	P05783
BM002048	Keratin type I cytoskeletal 18 (KRT18)	P05783
BM002049	Keratin type I cytoskeletal 18 (KRT18)	P05783
BM001113	Keratin type I cytoskeletal 18 (KRT18)	P05783
BM001947	Keratinocyte growth factor (FGF7)	P21781
BM001987	Lactotransferrin (LTF)	P02788
BM000264	Lactotransferrin (LTF)	P02788
BM000266	Lactotransferrin (LTF)	P02788
BM000268	Lactotransferrin (LTF)	P02788
BM000270	Lactotransferrin (LTF)	P02788
BM002401	Lectin-like oxidized LDL receptor (OLR1)	P78380
BM001998	Leptin receptor (LEPR)	P48357
BM001997	Leptin receptor (LEPR)	P48357
BM000842	Leucine-rich repeat kinase 2 (LRRK2)	Q5S007
BM000843	Leucine-rich repeat kinase 2 (LRRK2)	Q5S007
BM000844	Leucine-rich repeat kinase 2 (LRRK2)	Q5S007
BM000845	Leucine-rich repeat kinase 2 (LRRK2)	Q5S007
BM000583	Leukemia inhibitory factor (LIF)	P15018
BM003260	Leukocyte antigen MIC3 (CD9)	P21926
BM003401	Leukocyte common antigen (PTPRC)	P08575
BM003039	Leukocyte surface antigen Leu-16 (CD20)	P11836
BM003384	Leukosialin (SPN)	P16150
BM002003	Leukotriene A-4 hydrolase (LTA4H)	P09960
BM002004	Leukotriene A-4 hydrolase (LTA4H)	P09960
BM002010	Lipocalin-1 (LCN1)	P31025
BM000468	Lipocalin-15 (LCN15)	Q6UWW0
BM003528	Lipopolysaccharide-binding protein (LBP)	P18428
BM000572	Lithostathine-1-alpha (REG1A)	P05451
BM000195	L-lactate dehydrogenase C chain (LDHC)	P07864
BM001994	Low-density lipoprotein receptor (LDL-R)	P01130
BM003387	L-selectin (SELL)	P14151
BM003228	L-selectin (SELL)	P14151
BM003530	L-selectin (SELL)	P14151
BM002996	Lumican (LUM)	P51884
BM003360	Lung surfactant protein D (SFTPD)	P35247
BM002706	Lymphocyte activation antigen CD30 (TNFRSF8)	P28908
BM003365	Lymphocyte activation antigen CD30 (TNFRSF8)	P28908
BM003281	Lymphocyte activation antigen CD30 (TNFRSF8)	P28908
BM003493	Lymphocyte activation antigen CD30 (TNFRSF8)	P28908
BM003404	Lymphocyte IgE receptor (CD23)	P06734
BM002906	Lymphotoxin-alpha (LTA)	P01374
BM003541	Lymphotoxin-alpha (LTA)	P01374
BM002017	Lysophosphatidic acid receptor 2 (LPAR2)	Q9HBW0
BM002018	Lysophosphatidic acid receptor 2 (LPAR2)	Q9HBW0
BM001776	Macrophage colony-stimulating factor 1 (CSF1)	P09603
BM001779	Macrophage colony-stimulating factor 1 (CSF1)	P09603
BM002094	Macrophage colony-stimulating factor 1 (CSF1)	P09603
BM001352	Macrophage colony-stimulating factor 1 (CSF1)	P09603
BM001002	Macrophage inflammatory protein 1-alpha (CCL3)	P10147
BM003227	Macrophage migration inhibitory factor (MIF)	P14174
BM003529	Macrophage migration inhibitory factor (MIF)	P14174
BM003395	Mannose binding protein (MBL2)	P11226
BM002152	Matrix metalloproteinase-1 (MMP-1)	P03956
BM002153	Matrix metalloproteinase-1 (MMP-1)	P03956
BM002154	Matrix metalloproteinase-10 (MMP-10)	P09238
BM003179	Matrix metalloproteinase-2 (MMP-2)	P08253
BM002157	Matrix metalloproteinase-2 (MMP-2)	P08253
BM002155	Matrix metalloproteinase-2 (MMP-2)	P08253
BM002156	Matrix metalloproteinase-2 (MMP-2)	P08253
BM002088	Matrix metalloproteinase-2 (MMP-2)	P08253
BM002881	Matrix metalloproteinase-2 (MMP-2)	P08253
BM002089	Matrix metalloproteinase-3 (MMP-3)	P08254
BM002158	Matrix metalloproteinase-3 (MMP-3)	P08254
BM002067	Matrix metalloproteinase-7 (MMP-7)	P09237
BM002162	Matrix metalloproteinase-7 (MMP-7)	P09237
BM002068	Matrix metalloproteinase-8 (MMP-8)	P22894
BM002069	Matrix metalloproteinase-9 (MMP-9)	P14780
BM002070	Matrix metalloproteinase-9 (MMP-9)	P14780
BM003286	Matrix metalloproteinase-9 (MMP-9)	P14780
BM003177	Matrix metalloproteinase-9 (MMP-9)	P14780
BM002164	Matrix metalloproteinase-9 (MMP-9)	P14780
BM002163	Matrix metalloproteinase-9 (MMP-9)	P14780
BM002072	Matrix metalloproteinase-9 (MMP-9)	P14780
BM002074	Matrix metalloproteinase-9 (MMP-9)	P14780
BM002073	Matrix metalloproteinase-9 (MMP-9)	P14780
BM002063	Matrix metalloproteinase-9 (MMP-9)	P14780
BM001892	Matrix metalloproteinase-9 (MMP-9)	P14780
BM003498	Membrane cofactor protein (CD46)	P15529
BM003287	Membrane inhibitor of reactive lysis (CD59)	P13987
BM001281	Metal transporter CNNM2 (CNNM2)	Q9H8M5
BM002801	Metalloproteinase inhibitor 2 (TIMP2)	P16035
BM002882	Metalloproteinase inhibitor 2 (TIMP2)	P16035
BM000051	Methylenetetrahydrofolate reductase (MTHFR)	P42898
BM002210	Methylenetetrahydrofolate reductase (MTHFR)	P42898
BM001697	MHC class II antigen DQB1 (HLA-DQB1)	P01920
BM000776	Microtubule-associated protein tau (MAPT)	P10636
BM000846	Microtubule-associated protein tau (MAPT)	P10636
BM002771	Microtubule-associated protein tau (MAPT)	P10636
BM002772	Microtubule-associated protein tau (MAPT)	P10636
BM002773	Microtubule-associated protein tau (MAPT)	P10636
BM002608	Microtubule-associated protein tau (MAPT)	P10636
BM002609	Microtubule-associated protein tau (MAPT)	P10636
BM002610	Microtubule-associated protein tau (MAPT)	P10636
BM002774	Microtubule-associated protein tau (MAPT)	P10636
BM000856	Microtubule-associated protein tau (MAPT)	P10636
BM000863	Microtubule-associated protein tau (MAPT)	P10636
BM000772	Microtubule-associated protein tau (MAPT)	P10636
BM002125	Microtubule-associated protein tau (MAPT)	P10636
BM000187	Mitochondrial import receptor subunit TOM40 homolog (TOMM40)	O96008
BM000186	Mitochondrial import receptor subunit TOM40 homolog (TOMM40)	O96008
BM001718	Mitochondrial matrix protein P1 (HSPD1)	P10809
BM002426	Mitochondrial matrix protein P1 (HSPD1)	P10809
BM000492	Monoamine oxidase type B (MAO-B)	P27338
BM001899	Monocyte chemotactic and activating factor (CCL2)	P13500
BM002180	Monocyte chemotactic and activating factor (CCL2)	P13500
BM003591	Monocyte chemotactic and activating factor (CCL2)	P13500
BM003392	Monocyte chemotactic and activating factor (CCL2)	P13500
BM003230	Monocyte chemotactic and activating factor (CCL2)	P13500
BM003449	Monocyte chemotactic and activating factor (CCL2)	P13500
BM003288	Monocyte chemotactic and activating factor (CCL2)	P13500
BM003178	Monocyte chemotactic and activating factor (CCL2)	P13500
BM000993	Monocyte chemotactic and activating factor (CCL2)	P13500
BM001083	Monocyte chemotactic and activating factor (CCL2)	P13500
BM002177	Monocyte chemotactic and activating factor (CCL2)	P13500
BM002181	Monocyte chemotactic and activating factor (CCL2)	P13500
BM002091	Monocyte chemotactic and activating factor (CCL2)	P13500
BM003292	Monocyte differentiation antigen CD14 (CD14)	P08571
BM001021	Monocyte differentiation antigen CD14 (CD14)	P08571
BM003446	Mucin-1 (MUC1)	P15941
BM003324	Mucin-1 (MUC1)	P15941
BM003497	Mucin-1 (MUC1)	P15941
BM000201	Mucin-1 (MUC1)	P15941
BM001974	Mucin-1 (MUC1)	P15941
BM001975	Mucin-1 (MUC1)	P15941
BM001976	Mucin-1 (MUC1)	P15941
BM002211	Mucin-1 (MUC1)	P15941
BM002218	Mucin-1 (MUC1)	P15941
BM002214	Mucin-2 (MUC2)	Q02817
BM002215	Mucin-4 (MUC4)	Q99102
BM000706	Multidrug resistance-associated protein 1 (ABCC1)	P33527
BM003218	Myeloid cell surface antigen CD33 (CD33)	P20138
BM002232	Myocilin (MYOC)	Q99972
BM002233	Myocilin (MYOC)	Q99972
BM002235	Myoglobin (MB)	P02144
BM000905	N-chimaerin (CHN1)	P15882
BM002256	Nephrin (NPHS1)	O60500
BM003391	Neural cell adhesion molecule 1 (NCAM1)	P13591
BM001301	Neuroendocrine protein 7B2 (SCG5)	P05408
BM002514	Neurofilament heavy polypeptide (NEFH)	P12036
BM002545	Neurofilament heavy polypeptide (NEFH)	P12036
BM002263	Neurofilament heavy polypeptide (NEFH)	P12036
BM002264	Neurofilament light polypeptide (NEFL)	P07196
BM002267	Neuropeptide Y (NPY)	P01303
BM002268	Neuropeptide Y (NPY)	P01303
BM000212	Neurosecretory protein VGF (VGF)	O15240
BM001299	Neurosecretory protein VGF (VGF)	O15240
BM003402	Neutral endopeptidase (MME)	P08473
BM002552	Neutrophil elastase (NE)	P08246
BM001993	NF-kappa-B inhibitor alpha (NFKBIA)	P25963
BM002345	NF-kappa-B inhibitor beta (NFKBIB)	Q15653
BM002343	NF-kappa-B inhibitor beta (NFKBIB)	Q15653
BM003522	Nicotinamide phosphoribosyltransferase (NAMPT)	P43490
BM001427	Non-secretory ribonuclease (RNASE2)	P10153
BM002353	Nuclear pore glycoprotein p62 (NUP62)	P37198
BM002650	Nuclear receptor ROR-alpha (RORA)	P35398
BM002649	Nuclear receptor ROR-alpha (RORA)	P35398
BM003016	Nuclear-interacting partner of ALK (ZC3HC1)	Q86WB0
BM000032	Nucleophosmin (NPM1)	P06748
BM000007	Opioid receptor sigma 2 (PGRMC1)	O00264
BM002390	Osteoclast differentiation factor (ODF)	O14788
BM001098	Osteoclastogenesis inhibitory factor (TNFRSF11B)	O00300
BM003290	Osteopontin (SPP1)	P10451
BM003507	Pancreatic hormone (PH)	P01298
BM002559	Pappalysin-1 (PAPPA)	Q13219
BM002562	Pappalysin-1 (PAPPA)	Q13219
BM002451	Parathyroid hormone-related protein (PTHLH)	P12272
BM003430	PC4 and SFRS1-interacting protein (PSIP1)	O75475
BM002469	Pentraxin-related protein PTX3 (PTX3)	P26022
BM002470	Pentraxin-related protein PTX3 (PTX3)	P26022
BM002486	Perforin-1 (PRF1)	P14222
BM002483	Perforin-1 (PRF1)	P14222
BM002484	Perforin-1 (PRF1)	P14222
BM000531	Perforin-1 (PRF1)	P14222
BM002508	Phosphatase and actin regulator 1 (PHACTR1)	Q9C0D0
BM002555	Phospholipid phosphatase 3 (PLPP3)	O14495
BM002523	Placenta growth factor (PlGF)	P49763
BM000036	Placenta growth factor (PlGF)	P49763
BM002522	Placenta growth factor (PlGF)	P49763
BM002521	Placenta growth factor (PlGF)	P49763
BM000234	Plasma membrane calcium-transporting ATPase 1 (ATP2B1)	P20020
BM003543	Plasminogen (PLG)	P00747
BM002595	Plasminogen (PLG)	P00747
BM002526	Plasminogen activator inhibitor-1 (SERPINE1)	P05121
BM002672	Plasminogen activator inhibitor-1 (SERPINE1)	P05121
BM002540	Platelet derived growth factor-BB isoform (PDGF-BB)	P04085
BM002540	Platelet derived growth factor-BB isoform (PDGF-BB)	P01127
BM002021	Platelet endothelial cell adhesion molecule (PECAM1)	P16284
BM003380	Platelet glycoprotein 4 (CD36)	P16671
BM003471	Platelet glycoprotein 4 (CD36)	P16671
BM000904	Platelet glycoprotein 4 (CD36)	P16671
BM002012	Platelet-activating factor acetylhydrolase (PLA2G7)	Q13093
BM003054	Platelet-derived growth factor receptor alpha (PDGFRA)	P16234
BM002546	Podocalyxin (PODXL)	O00592
BM002547	Podocin (NPHS2)	Q9NP85
BM003558	Poly [ADP-ribose] polymerase 1 (PARP1)	P09874
BM002550	Polyadenylate-binding protein 4 (PABPC4)	Q13310
BM002548	Polyadenylate-binding protein 4 (PABPC4)	Q13310
BM002520	Polycystin-1 (PKD1)	P98161
BM001031	Pregnancy-specific beta-1-glycoprotein 1 (PSG1)	P11464
BM000204	Progesterone receptor (PGR)	P06401
BM000026	Progesterone receptor (PGR)	P06401
BM000199	Progesterone receptor (PGR)	P06401
BM003336	Programmed cell death 1 ligand 1 (PD-L1)	Q9NZQ7
BM003262	Programmed cell death 1 ligand 1 (PD-L1)	Q9NZQ7
BM003339	Programmed cell death protein 1 (PD-1)	Q15116
BM003267	Programmed cell death protein 1 (PD-1)	Q15116
BM003258	Proheparin-binding EGF-like growth factor (HBEGF)	Q99075
BM002579	Prolactin (PRL)	P01236
BM003289	Proliferating cell nuclear antigen (PCNA)	P12004
BM000005	Proliferation marker protein Ki-67 (MKI67)	P46013
BM000006	Proliferation marker protein Ki-67 (MKI67)	P46013
BM002427	Proliferation marker protein Ki-67 (MKI67)	P46013
BM002607	Proline/serine-rich coiled-coil protein 1 (PSRC1)	Q6PGN9
BM002289	Prostaglandin E2 receptor EP2 (PTGER2)	P43116
BM002290	Prostaglandin F2-alpha receptor (PTGFR)	P43088
BM000039	Prostaglandin G/H synthase 2 (COX-2)	P35354
BM000906	Prostaglandin G/H synthase 2 (COX-2)	P35354
BM000040	Prostate specific antigen (KLK3)	P07288
BM000022	Prostate specific antigen (KLK3)	P07288
BM000055	Prostate specific antigen (KLK3)	P07288
BM000043	Prostate specific antigen (KLK3)	P07288
BM002751	Protachykinin-1 (TAC1)	P20366
BM002592	Proteasome assembly chaperone 1 (PSMG1)	O95456
BM002591	Proteasome assembly chaperone 1 (PSMG1)	O95456
BM003019	Protein AMBP (AMBP)	P02760
BM003555	Protein bactericidal permeability-increasing (BPI)	P17213
BM003035	Protein patched homolog 1 (PTCH1)	Q13635
BM002598	Protein phosphatase 1 regulatory subunit 3B (PPP1R3B)	Q86XI6
BM002597	Protein phosphatase 1 regulatory subunit 3B (PPP1R3B)	Q86XI6
BM001348	Protein/nucleic acid deglycase DJ-1 (PARK7)	Q99497
BM001349	Protein/nucleic acid deglycase DJ-1 (PARK7)	Q99497
BM001350	Protein/nucleic acid deglycase DJ-1 (PARK7)	Q99497
BM002593	Proteinase activated receptor 2 (PAR2)	P55085
BM002685	Protein-tyrosine phosphatase SHP-1 (PTPN6)	P29350
BM003055	Proto-oncogene c-Met (MET)	P08581
BM003385	P-selectin (SELP)	P16109
BM003603	P-selectin (SELP)	P16109
BM003474	P-selectin (SELP)	P16109
BM003340	P-selectin glycoprotein ligand 1 (SELPLG)	Q14242
BM002046	Pyruvate kinase M2 (PKM)	P14618
BM002047	Pyruvate kinase M2 (PKM)	P14618
BM003352	RAS-like protein KIR (GEM)	P55040
BM002193	Ras-related protein M-Ras (MRAS)	O14807
BM002654	Regulator of G-protein signaling 1 (RGS1)	Q08116
BM002643	Regulator of G-protein signaling 6 (RGS6)	P49758
BM002642	Regulator of G-protein signaling 6 (RGS6)	P49758
BM000469	Resistin (RETN)	Q9HD89
BM002652	Retinol Binding Protein (RBP)	P02753
BM002652	Retinol Binding Protein (RBP)	P10745
BM002652	Retinol Binding Protein (RBP)	P09455
BM002652	Retinol Binding Protein (RBP)	P82980
BM002652	Retinol Binding Protein (RBP)	P50120
BM002652	Retinol Binding Protein (RBP)	Q96R05
BM003002	Ribosome biogenesis protein WDR12 (WDR12)	Q9GZL7
BM003034	RNA-binding protein EWS (EWSR1)	Q01844
BM002189	Ryanodine receptor 2 (RYR2)	Q92736
BM003608	S100 calcium-binding protein B (S100B)	P04271
BM002666	S100 calcium-binding protein B (S100B)	P04271
BM002726	Sal-like protein 1 (SALL1)	Q9NSC2
BM002725	Sal-like protein 1 (SALL1)	Q9NSC2
BM001001	Secondary lymphoid-tissue chemokine (CCL21)	O00585
BM002669	Secreted frizzled related protein-4 (SFRP4)	Q6FHJ7
BM002695	Serine Racemase (SRR)	Q9GZT4
BM003032	Serine/threonine-protein kinase B-raf (BRAF)	P15056
BM003045	Serine/threonine-protein kinase B-raf (BRAF)	P15056
BM003418	Serum albumin (ALB)	P02768
BM003300	Serum albumin (ALB)	P02768
BM003482	Serum albumin (ALB)	P02768
BM002673	Serum albumin (ALB)	P02768
BM001936	Serum albumin (ALB)	P02768
BM001937	Serum albumin (ALB)	P02768
BM002114	Serum albumin (ALB)	P02768
BM002674	Serum amyloid A-1 protein (SAA1)	P0DJI8
BM002689	Sialic acid-binding Ig-like lectin 8 (SIGLEC8)	Q9NYZ4
BM002687	Signal transducer and activator of transcription 3 (STAT3)	P40763
BM002686	Single Ig IL-1-related receptor (SIGIRR)	Q6IA17
BM002182	Small-inducible cytokine A11 (CCL11)	P51671
BM000443	Small-inducible cytokine A11 (CCL11)	P51671
BM001435	Small-inducible cytokine A11 (CCL11)	P51671
BM003036	Smoothened homolog (SMO)	Q99835
BM003585	Spectrin non-erythroid beta chain 1 (SPTBN1)	Q01082
BM003280	Squamous cell carcinoma antigen 1 (SCCA-1)	P29508
BM003357	Stromal cell-derived factor 1 (CXCL12)	P48061
BM003206	Stromal cell-derived factor 1 (CXCL12)	P48061
BM003314	Stromal cell-derived factor 1 (CXCL12)	P48061
BM001264	Stromal cell-derived factor 1 (CXCL12)	P48061
BM001268	Stromal cell-derived factor 1 (CXCL12)	P48061
BM002700	Superoxide dismutase Cu-Zn (SOD Cu-Zn)	P00441
BM002174	Superoxide dismutase Mn (SOD Mn)	P04179
BM002175	Superoxide dismutase Mn (SOD Mn)	P04179
BM003377	Surface glycoprotein LFA-3 (CD58)	P19256
BM003284	Surface glycoprotein LFA-3 (CD58)	P19256
BM002752	Surfactant Protein A (SP-A)	Q8IWL2
BM002752	Surfactant Protein A (SP-A)	Q8IWL1
BM002758	Synaptopodin (SYNPO)	Q8N3V7
BM002760	Syndecan-1 (SDC1)	P18827
BM002762	Syndecan-1 (SDC1)	P18827
BM002764	Syndecan-1 (SDC1)	P18827
BM002759	Syndecan-1 (SDC1)	P18827
BM002127	TAR DNA binding protein 43 (TARDBP)	Q13148
BM000615	TAR DNA binding protein 43 (TARDBP)	Q13148
BM002883	Tartrate-resistant acid phosphatase type 5 (ACP5)	P13686
BM003589	T-cell activation antigen CD27 (CD27)	P26842
BM003442	T-cell activation antigen CD27 (CD27)	P26842
BM003399	T-cell antigen CD7 (CD7)	P09564
BM003405	T-cell surface antigen CD2 (CD2)	P06729
BM003518	T-cell surface glycoprotein CD4 (CD4)	P01730
BM003595	T-cell surface glycoprotein CD4 (CD4)	P01730
BM003515	T-cell surface glycoprotein CD4 (CD4)	P01730
BM003576	T-cell surface glycoprotein CD4 (CD4)	P01730
BM003421	T-cell surface glycoprotein CD4 (CD4)	P01730
BM003245	T-cell surface glycoprotein CD4 (CD4)	P01730
BM003455	T-cell surface glycoprotein CD4 (CD4)	P01730
BM003504	T-cell surface glycoprotein CD4 (CD4)	P01730
BM003160	T-cell surface glycoprotein CD4 (CD4)	P01730
BM003484	T-cell surface glycoprotein CD4 (CD4)	P01730
BM003584	T-cell surface glycoprotein CD4 (CD4)	P01730
BM003539	T-cell surface glycoprotein CD4 (CD4)	P01730
BM001035	T-cell surface glycoprotein CD4 (CD4)	P01730
BM001037	T-cell surface glycoprotein CD4 (CD4)	P01730
BM001039	T-cell surface glycoprotein CD4 (CD4)	P01730
BM003407	T-cell surface glycoprotein CD5 (CD5)	P06127
BM003229	T-cell-specific protein RANTES (CCL5)	P13501
BM001004	T-cell-specific protein RANTES (CCL5)	P13501
BM001006	T-cell-specific protein RANTES (CCL5)	P13501
BM003396	T-cell-specific surface glycoprotein CD28 (CD28)	P10747
BM001034	T-cell-specific surface glycoprotein CD28 (CD28)	P10747
BM001036	T-cell-specific surface glycoprotein CD28 (CD28)	P10747
BM001038	T-cell-specific surface glycoprotein CD28 (CD28)	P10747
BM002694	Telomerase-binding protein EST1A (SMG6)	Q86US8
BM002749	Tenascin (TNC)	P24821
BM001096	Tetranectin (CLEC3B)	P05452
BM002997	Tetranectin (CLEC3B)	P05452
BM003172	TGF-beta receptor type I (TGFBR1)	P36897
BM000573	Thiopurine S-methyltransferase (TPMT)	P51580
BM002854	Thiopurine S-methyltransferase (TPMT)	P51580
BM003397	Thioredoxin (TXN)	P10599
BM003236	Thrombomodulin (THBD)	P07204
BM003293	Thrombomodulin (THBD)	P07204
BM003477	Thrombomodulin (THBD)	P07204
BM003390	Tissue factor (F3)	P13726
BM002799	Tissue inhibitor of matrix metalloproteinase (TIMP)	P16035
BM002799	Tissue inhibitor of matrix metalloproteinase (TIMP)	P35625
BM002799	Tissue inhibitor of matrix metalloproteinase (TIMP)	P01033
BM002800	Tissue inhibitor of matrix metalloproteinase (TIMP)	P16035
BM002800	Tissue inhibitor of matrix metalloproteinase (TIMP)	P35625
BM002800	Tissue inhibitor of matrix metalloproteinase (TIMP)	P01033
BM003251	Tissue-type plasminogen activator (PLAT)	P00750
BM003542	Tissue-type plasminogen activator (PLAT)	P00750
BM002994	Tissue-type plasminogen activator (PLAT)	P00750
BM003207	T-lymphocyte activation antigen CD86 (FUN1)	P42081
BM003438	T-lymphocyte activation antigen CD86 (FUN1)	P42081
BM003277	T-lymphocyte activation antigen CD86 (FUN1)	P42081
BM001781	TNF receptor-associated factor 2 (TRAF2)	Q12933
BM002822	TNF receptor-associated factor 2 (TRAF2)	Q12933
BM002821	TNF receptor-associated factor 2 (TRAF2)	Q12933
BM001734	TNF related activation protein (CD40LG)	P29965
BM003364	TNF related activation protein (CD40LG)	P29965
BM003212	TNF related activation protein (CD40LG)	P29965
BM003441	TNF related activation protein (CD40LG)	P29965
BM001042	TNF related activation protein (CD40LG)	P29965
BM000278	TNF related activation protein (CD40LG)	P29965
BM003354	TNF related apoptosis inducing ligand (TNFSF10)	P50591
BM003492	TNF related apoptosis inducing ligand (TNFSF10)	P50591
BM003253	Toll-like receptor 2 (TLR2)	O60603
BM003458	Toll-like receptor 2 (TLR2)	O60603
BM003306	Toll-like receptor 2 (TLR2)	O60603
BM003256	Toll-like receptor 4 (TLR4)	O00206
BM003307	Toll-like receptor 4 (TLR4)	O00206
BM003490	Toll-like receptor 4 (TLR4)	O00206
BM002802	Toll-like receptor 4 (TLR4)	O00206
BM003195	Toll-like receptor 9 (TLR9)	Q9NR96
BM003466	Toll-like receptor 9 (TLR9)	Q9NR96
BM000651	Trace amine-associated receptor 8 (TAAR8)	Q969N4
BM002216	Tracheobronchial mucin 5A (MUC5AC)	P98088
BM002776	Transcription factor 21 (TCF21)	O43680
BM002688	Transcription factor 7 (TCF7)	P36402
BM003001	Transcription factor p65 (RELA)	Q04206
BM002278	Transcription factor p65 (RELA)	Q04206
BM003000	Transcription factor p65 (RELA)	Q04206
BM003481	Transferrin receptor protein 1 (TFRC)	P02786
BM001509	Transferrin receptor protein 1 (TFRC)	P02786
BM002872	Transforming growth factor beta 1 (TGFB1)	P01137
BM002873	Transforming growth factor beta 1 (TGFB1)	P01137
BM003303	Transforming growth factor beta 1 (TGFB1)	P01137
BM000416	Transforming growth factor beta 1 (TGFB1)	P01137
BM002781	Transforming growth factor beta 1 (TGFB1)	P01137
BM002878	Transthyretin (TTR)	P02766
BM001302	Transthyretin (TTR)	P02766
BM001514	Transthyretin (TTR)	P02766
BM002895	Troponin I (TnI)	P19429
BM002895	Troponin I (TnI)	P19237
BM002895	Troponin I (TnI)	P48788
BM001125	Troponin I (TnI)	P19429
BM001125	Troponin I (TnI)	P19237
BM001125	Troponin I (TnI)	P48788
BM002891	Troponin T, slow skeletal muscle (TNNT1)	P13805
BM002894	Troponin T, slow skeletal muscle (TNNT1)	P13805
BM002888	Troponin T, slow skeletal muscle (TNNT1)	P13805
BM002889	Troponin T, slow skeletal muscle (TNNT1)	P13805
BM002896	Troponin T, slow skeletal muscle (TNNT1)	P13805
BM002899	Troponin T, slow skeletal muscle (TNNT1)	P13805
BM002892	Troponin T, slow skeletal muscle (TNNT1)	P13805
BM001124	Troponin T, slow skeletal muscle (TNNT1)	P13805
BM002890	Troponin T, slow skeletal muscle (TNNT1)	P13805
BM002900	Trypsin-2 (PRSS2)	P07478
BM000010	Tubulin beta-3 chain (TUBB3)	Q13509
BM001803	Tumor necrosis factor (TNF)	P01375
BM003598	Tumor necrosis factor (TNF)	P01375
BM003578	Tumor necrosis factor (TNF)	P01375
BM003424	Tumor necrosis factor (TNF)	P01375
BM003249	Tumor necrosis factor (TNF)	P01375
BM003610	Tumor necrosis factor (TNF)	P01375
BM003457	Tumor necrosis factor (TNF)	P01375
BM003302	Tumor necrosis factor (TNF)	P01375
BM003506	Tumor necrosis factor (TNF)	P01375
BM003487	Tumor necrosis factor (TNF)	P01375
BM003163	Tumor necrosis factor (TNF)	P01375
BM003465	Tumor necrosis factor (TNF)	P01375
BM003540	Tumor necrosis factor (TNF)	P01375
BM001875	Tumor necrosis factor (TNF)	P01375
BM001931	Tumor necrosis factor (TNF)	P01375
BM000020	Tumor necrosis factor (TNF)	P01375
BM001610	Tumor necrosis factor (TNF)	P01375
BM002823	Tumor necrosis factor (TNF)	P01375
BM002805	Tumor necrosis factor (TNF)	P01375
BM002806	Tumor necrosis factor (TNF)	P01375
BM002827	Tumor necrosis factor (TNF)	P01375
BM002908	Tumor necrosis factor (TNF)	P01375
BM002826	Tumor necrosis factor (TNF)	P01375
BM001765	Tumor necrosis factor (TNF)	P01375
BM001814	Tumor necrosis factor (TNF)	P01375
BM001883	Tumor necrosis factor (TNF)	P01375
BM002363	Tumor necrosis factor (TNF)	P01375
BM002807	Tumor necrosis factor (TNF)	P01375
BM002825	Tumor necrosis factor (TNF)	P01375
BM001212	Tumor necrosis factor (TNF)	P01375
BM002824	Tumor necrosis factor (TNF)	P01375
BM000585	Tumor necrosis factor (TNF)	P01375
BM002808	Tumor necrosis factor (TNF)	P01375
BM002035	Tumor necrosis factor (TNF)	P01375
BM002045	Tumor necrosis factor (TNF)	P01375
BM000584	Tumor necrosis factor (TNF)	P01375
BM001249	Tumor necrosis factor (TNF)	P01375
BM002809	Tumor necrosis factor (TNF)	P01375
BM003375	Tumor necrosis factor receptor type I (TNF-R1)	P19438
BM003525	Tumor necrosis factor receptor type I (TNF-R1)	P19438
BM001611	Tumor necrosis factor receptor type I (TNF-R1)	P19438
BM001780	Tumor necrosis factor receptor type I (TNF-R1)	P19438
BM002814	Tumor necrosis factor receptor type I (TNF-R1)	P19438
BM002818	Tumor necrosis factor receptor type I (TNF-R1)	P19438
BM002819	Tumor necrosis factor receptor type I (TNF-R1)	P19438
BM002815	Tumor necrosis factor receptor type I (TNF-R1)	P19438
BM002816	Tumor necrosis factor receptor type I (TNF-R1)	P19438
BM002817	Tumor necrosis factor receptor type I (TNF-R1)	P19438
BM003524	Tumor necrosis factor receptor type II (TNF-R2)	P20333
BM002744	Tumor necrosis factor receptor type II (TNF-R2)	P20333
BM002912	Type IV collagen (C-IV)	P53420
BM002912	Type IV collagen (C-IV)	P29400
BM002912	Type IV collagen (C-IV)	P02462
BM002912	Type IV collagen (C-IV)	P08572
BM002912	Type IV collagen (C-IV)	Q14031
BM002912	Type IV collagen (C-IV)	Q01955
BM002911	Type IV collagen (C-IV)	P53420
BM002911	Type IV collagen (C-IV)	P29400
BM002911	Type IV collagen (C-IV)	P02462
BM002911	Type IV collagen (C-IV)	P08572
BM002911	Type IV collagen (C-IV)	Q14031
BM002911	Type IV collagen (C-IV)	Q01955
BM001608	Tyrosine-protein kinase Kit (SCFR)	P10721
BM002668	Tyrosine-protein kinase Kit (SCFR)	P10721
BM002919	Ubiquitin-conjugating enzyme E2 Z (UBE2Z)	Q9H832
BM003348	Urokinase plasminogen activator surface receptor (PLAUR)	Q03405
BM003269	Urokinase plasminogen activator surface receptor (PLAUR)	Q03405
BM002715	Urokinase plasminogen activator surface receptor (PLAUR)	Q03405
BM003428	Urokinase-type plasminogen activator (PLAU)	P00749
BM003305	Urokinase-type plasminogen activator (PLAU)	P00749
BM000206	Urokinase-type plasminogen activator (PLAU)	P00749
BM000601	Uromodulin (UMOD)	P07911
BM000310	Uteroglobin (Scgb1a1)	P17559
BM001133	Uteroglobin (Scgb1a1)	P17559
BM002918	Vacuolar-sorting protein SNF8 (SNF8)	Q96H20
BM002128	Valosin-containing protein p97 (VCP)	P55072
BM003376	Vascular cell adhesion protein 1 (VCAM1)	P19320
BM003219	Vascular cell adhesion protein 1 (VCAM1)	P19320
BM003601	Vascular cell adhesion protein 1 (VCAM1)	P19320
BM003320	Vascular cell adhesion protein 1 (VCAM1)	P19320
BM003527	Vascular cell adhesion protein 1 (VCAM1)	P19320
BM002718	Vascular cell adhesion protein 1 (VCAM1)	P19320
BM003210	Vascular endothelial cadherin (CDH5)	P33151
BM002948	Vascular endothelial growth factor A (VEGFA)	P15692
BM002952	Vascular endothelial growth factor A (VEGFA)	P15692
BM002951	Vascular endothelial growth factor A (VEGFA)	P15692
BM000402	Vascular endothelial growth factor receptor 1 (FLT-1)	P17948
BM002560	Vascular endothelial growth factor receptor 1 (FLT-1)	P17948
BM002720	Vascular endothelial growth factor receptor 1 (FLT-1)	P17948
BM000037	Vascular endothelial growth factor receptor 1 (FLT-1)	P17948
BM002943	Vasoactive intestinal polypeptide (VIP)	P01282
BM001679	Vigilin (HDLBP)	Q00341
BM000262	Voltage-dependent L-type calcium channel subunit beta-2 (CACNB2)	Q08289
BM003412	von Willebrand factor (VWF)	P04275
BM003242	von Willebrand factor (VWF)	P04275
BM002995	von Willebrand factor (VWF)	P04275
BM002998	von Willebrand factor (VWF)	P04275
BM000050	Wnt-5a protein (WNT5A)	P41221
BM003018	Zinc finger protein ZPR1 (ZPR1)	O75312
